# Move tutor compatibility from src/data/pokemon/tutor_learnsets.h of the region's ROM: national dex id, then the move ids its tutors can teach it.
1,14,34,38,102,164,173,203,189,207,214,111,210
2,14,34,38,102,164,173,203,189,207,214,111,210
3,14,34,38,102,164,173,203,189,207,214,111,210
4,5,14,25,34,38,68,69,102,157,164,223,173,203,189,207,214,129,111,7,210
5,5,14,25,34,38,68,69,102,157,164,223,173,203,189,207,214,129,111,7,210
6,5,14,25,34,38,68,69,102,157,164,223,173,203,189,207,214,129,111,7,210
7,5,25,34,38,68,69,102,164,223,205,173,196,203,189,8,207,214,111
8,5,25,34,38,68,69,102,164,223,205,173,196,203,189,8,207,214,111
9,5,25,34,38,68,69,102,164,223,205,173,196,203,189,8,207,214,111
12,38,102,138,164,173,203,207,214,129
15,14,38,102,164,173,203,207,214,129,210
16,38,102,164,173,203,189,207,214,129
17,38,102,164,173,203,189,207,214,129
18,38,102,164,173,203,189,207,214,129
19,34,38,68,102,86,164,173,196,203,189,207,214,129,111
20,34,38,68,102,86,164,173,196,203,189,207,214,129,111
21,38,102,164,173,203,189,207,214,129
22,38,102,164,173,203,189,207,214,129
23,34,38,102,157,164,173,203,207,214
24,34,38,102,157,164,173,203,207,214
25,5,25,34,38,68,69,102,86,164,223,205,173,203,189,207,214,129,111,9
26,5,25,34,38,68,69,102,86,164,223,205,173,203,189,207,214,129,111,9
27,14,34,38,68,69,102,157,164,223,205,173,203,189,207,214,129,111,210
28,14,34,38,68,69,102,157,164,223,205,173,203,189,207,214,129,111,210
29,34,38,68,102,164,173,203,189,207,214,111
30,34,38,68,102,164,173,203,189,207,214,111
31,5,25,34,38,68,69,102,157,164,223,173,196,203,189,8,207,214,111,9,7,210
32,34,38,68,102,164,173,203,189,207,214,111
33,34,38,68,102,164,173,203,189,207,214,111
34,5,25,34,38,68,69,102,157,164,223,173,196,203,189,8,207,214,111,9,7,210
35,5,25,34,38,68,69,102,118,135,138,86,164,223,205,244,173,203,189,8,207,214,111,9,7
36,5,25,34,38,68,69,102,118,135,138,86,164,223,205,244,173,203,189,8,207,214,111,9,7
37,34,38,102,164,173,203,207,214,129
38,34,38,102,164,173,203,207,214,129
39,5,25,34,38,68,69,102,138,86,164,223,205,244,173,203,189,8,207,214,111,9,7
40,5,25,34,38,68,69,102,138,86,164,223,205,244,173,203,189,8,207,214,111,9,7
41,38,102,164,173,203,207,214,129
42,38,102,164,173,203,207,214,129
43,14,38,102,164,173,203,207,214
44,14,38,102,164,173,203,207,214
45,14,34,38,102,164,173,203,207,214
46,14,34,38,68,102,164,173,203,207,214,210
47,14,34,38,68,102,164,173,203,207,214,210
48,38,102,164,173,203,207,214,129
49,38,102,164,173,203,207,214,129
50,34,38,102,157,164,173,203,189,207,214
51,34,38,102,157,164,173,203,189,207,214
52,34,38,102,138,164,244,173,196,203,189,207,214,129,111
53,34,38,102,138,164,244,173,196,203,189,207,214,129,111
54,5,25,34,38,68,69,102,164,223,244,173,196,203,189,8,207,214,129
55,5,25,34,38,68,69,102,164,223,244,173,196,203,189,8,207,214,129,210
56,5,25,34,38,68,69,102,118,157,164,223,244,173,203,189,8,207,214,129,111,9,7
57,5,25,34,38,68,69,102,118,157,164,223,244,173,203,189,8,207,214,129,111,9,7
58,34,38,102,164,173,203,207,214,129
59,34,38,102,164,173,203,207,214,129
60,34,38,102,164,173,196,203,207,214,111
61,5,25,34,38,68,69,102,118,164,173,196,203,189,8,207,214,111
62,5,25,34,38,68,69,102,118,164,223,173,196,203,189,8,207,214,111
63,5,25,34,38,68,69,102,118,138,86,164,223,244,173,203,8,207,214,9,7
64,5,25,34,38,68,69,102,118,138,86,164,223,244,173,203,8,207,214,9,7
65,5,25,34,38,68,69,102,118,138,86,164,223,244,173,203,8,207,214,9,7
66,5,25,34,38,68,69,102,118,157,164,223,173,203,189,8,207,214,9,7
67,5,25,34,38,68,69,102,118,157,164,223,173,203,189,8,207,214,9,7
68,5,25,34,38,68,69,102,118,157,164,223,173,203,189,8,207,214,9,7
69,14,38,102,164,173,203,207,214
70,14,38,102,164,173,203,207,214
71,14,34,38,102,164,173,203,207,214
72,14,38,102,164,173,196,203,207,214
73,14,38,102,164,173,196,203,207,214
74,5,34,38,68,69,102,118,153,157,164,223,205,173,203,189,207,214,111,7
75,5,34,38,68,69,102,118,153,157,164,223,205,173,203,189,207,214,111,7
76,5,25,34,38,68,69,102,118,153,157,164,223,205,173,203,189,207,214,111,7,210
77,34,38,102,164,173,203,207,214,129
78,34,38,102,164,173,203,207,214,129
79,34,38,102,138,86,164,244,173,196,203,189,207,214,129
80,5,25,34,38,68,69,102,138,86,164,223,244,173,196,203,189,8,207,214,129,210
81,38,102,86,164,205,173,203,207,214,129
82,38,102,86,164,205,173,203,207,214,129
83,14,34,38,102,164,244,173,203,189,207,214,129
84,34,38,102,164,173,203,189,207,214,129
85,34,38,102,164,173,203,189,207,214,129
86,34,38,102,164,173,196,203,207,214
87,34,38,102,164,173,196,203,207,214
88,34,102,153,164,223,173,203,189,8,207,214,9,7
89,34,102,153,164,223,173,203,189,8,207,214,9,7
90,38,102,153,164,173,196,203,207,214,129
91,38,102,153,164,173,196,203,207,214,129
92,102,138,153,164,244,173,203,207,214
93,102,138,153,164,244,173,203,207,214
94,5,25,34,38,68,69,102,118,138,153,164,223,244,173,203,8,207,214,9,7
95,34,38,102,153,157,164,244,173,203,189,207,214
96,5,25,34,38,68,69,102,118,138,86,164,223,244,173,203,8,207,214,9,7
97,5,25,34,38,68,69,102,118,138,86,164,223,244,173,203,8,207,214,9,7
98,14,34,38,102,164,173,196,203,189,207,214,210
99,14,34,38,102,164,173,196,203,189,207,214,210
100,102,86,153,164,205,173,203,207,214,129
101,102,86,153,164,205,173,203,207,214,129
102,38,102,138,153,164,205,244,173,203,207,214
103,38,102,138,153,164,205,244,173,203,207,214
104,5,14,25,34,38,68,69,102,157,164,223,173,196,203,189,207,214,9,7
105,5,14,25,34,38,68,69,102,157,164,223,173,196,203,189,207,214,9,7
106,5,25,34,38,68,69,102,118,157,164,223,173,203,189,207,214,129
107,5,25,34,38,68,69,102,118,157,164,223,173,203,189,8,207,214,129,9,7
108,5,14,25,34,38,68,69,102,138,157,164,223,205,244,173,196,203,189,8,207,214,111,9,7
109,102,153,164,205,173,203,207,214
110,102,153,164,205,173,203,207,214
111,14,34,38,68,102,157,164,205,173,196,203,189,207,214
112,5,14,25,34,38,68,69,102,157,164,223,205,173,196,203,189,207,214,9,7,210
113,5,25,34,38,68,69,102,118,135,138,86,164,223,205,244,173,196,203,189,207,214,111
114,14,34,38,102,164,244,173,203,207,214
115,5,25,34,38,68,69,102,157,164,223,173,196,203,189,8,207,214,9,7,210
116,38,102,164,173,196,203,207,214,129
117,38,102,164,173,196,203,207,214,129
118,38,102,164,173,196,203,207,214,129
119,38,102,164,173,196,203,207,214,129
120,38,102,86,164,244,173,196,203,207,214,129
121,38,102,138,86,164,244,173,196,203,207,214,129
122,5,25,34,38,68,69,102,118,138,86,164,244,173,203,189,8,207,214,9,7
123,14,38,68,102,164,173,203,207,214,129,210
124,5,25,34,38,68,69,102,118,138,164,223,244,173,196,203,189,8,207,214
125,5,25,34,38,68,69,102,86,164,223,173,203,189,8,207,214,129,9,7
126,5,25,34,38,68,69,102,164,223,173,203,189,207,214,9,7
127,14,34,38,69,102,157,164,173,203,207,214,210
128,34,38,102,164,173,196,203,207,214
130,34,38,102,86,164,173,196,203,207,214
131,34,38,102,138,164,173,196,203,207,214
133,34,38,102,164,173,203,189,207,214,129
134,34,38,102,164,173,196,203,189,207,214,129
135,34,38,102,86,164,173,203,189,207,214,129
136,34,38,102,164,173,203,189,207,214,129
137,38,102,138,86,164,244,173,196,203,207,214,129
138,34,38,102,157,164,205,173,196,203,207,214
139,34,38,69,102,157,164,205,173,196,203,207,214
140,34,38,102,157,164,205,173,196,203,207,214
141,14,25,34,38,69,102,157,164,205,173,196,203,207,214,210
142,38,102,157,164,173,203,207,214,129
143,5,25,34,38,68,69,102,118,157,164,223,205,244,173,196,203,189,8,207,214,111,9,7
144,38,102,164,173,196,203,189,207,214,129
145,38,102,86,164,173,203,189,207,214,129
146,38,102,164,173,203,189,207,214,129
147,34,38,102,86,164,173,196,203,207,214,129
148,34,38,102,86,164,173,196,203,207,214,129
149,34,38,102,86,164,223,173,196,203,189,8,207,214,129,9,7,210
150,5,25,34,38,68,69,102,118,138,86,164,223,244,173,196,203,189,8,207,214,129,9,7
151,5,14,25,34,38,68,69,102,118,135,138,86,153,157,164,223,205,244,173,196,203,189,8,207,214,129,111,9,7,210
152,14,34,38,68,102,164,173,203,189,207,214
153,14,34,38,68,102,164,173,203,189,207,214,210
154,14,34,38,68,102,164,173,203,189,207,214,210
155,34,38,102,164,205,173,203,189,207,214,129,111
156,34,38,102,164,205,173,203,189,207,214,129,111,210
157,5,25,34,38,68,69,102,157,164,223,205,173,203,189,207,214,129,111,9,7,210
158,5,14,25,34,38,68,69,102,157,164,223,173,196,203,189,8,207,214
159,5,14,25,34,38,68,69,102,157,164,223,173,196,203,189,8,207,214,210
160,5,14,25,34,38,68,69,102,157,164,223,173,196,203,189,8,207,214,210
161,34,38,102,164,223,205,173,203,189,8,207,214,129,111,9,7,210
162,34,38,102,164,223,205,173,203,189,8,207,214,129,111,9,7,210
163,38,102,138,164,173,203,189,207,214,129
164,38,102,138,164,173,203,189,207,214,129
165,5,14,38,102,164,223,205,173,203,8,207,214,129,9
166,5,14,38,102,164,223,205,173,203,8,207,214,129,9
167,34,38,102,164,173,203,207,214
168,34,38,102,164,173,203,207,214
169,38,102,164,173,203,207,214,129
170,38,102,86,164,173,203,207,214
171,38,102,86,164,173,203,207,214
172,5,25,34,38,68,69,102,86,164,205,173,203,189,207,214,129,111
173,5,25,34,38,68,69,102,118,135,138,86,164,205,244,173,196,203,189,207,214,111
174,5,25,34,38,68,69,102,138,86,164,205,244,173,196,203,189,207,214,111
175,5,25,34,38,68,69,102,118,135,138,86,164,205,244,173,203,189,207,214,129,111
176,5,25,34,38,68,69,102,118,135,138,86,164,205,244,173,203,189,207,214,129,111
177,38,102,138,86,164,244,173,203,207,214,129
178,38,102,138,86,164,244,173,203,207,214,129
179,34,38,102,86,164,173,203,207,214,129,111
180,5,25,34,38,68,69,102,86,164,223,173,203,207,214,129,111,9,7
181,5,25,34,38,68,69,102,86,164,223,173,203,207,214,129,111,9,7
182,14,38,102,164,173,203,207,214
183,5,25,34,38,69,102,164,223,205,173,196,203,189,8,207,214,129,111
184,5,25,34,38,69,102,164,223,205,173,196,203,189,8,207,214,129,111
185,5,25,34,38,68,69,102,153,157,164,223,205,244,173,203,189,8,207,214,111,9,7
186,5,25,34,38,68,69,102,118,164,223,173,196,203,189,207,214,111
187,14,38,102,164,173,203,207,214,111
188,14,38,102,164,173,203,207,214,111
189,14,38,102,164,173,203,207,214,111
190,5,25,34,38,68,69,102,118,138,86,164,223,173,203,189,8,207,214,129,111,9,7,210
191,14,38,102,164,173,203,207,214
192,14,38,102,164,173,203,207,214
193,38,102,138,164,173,203,207,214,129
194,34,38,102,164,223,205,173,203,189,8,207,214,111
195,5,25,34,38,68,69,102,164,223,205,173,203,189,8,207,214,111
196,34,38,102,138,164,244,173,203,189,207,214,129
197,34,38,102,138,164,244,173,203,189,207,214,129
198,38,102,138,86,164,244,173,196,203,189,207,214,129
199,5,25,34,38,68,69,102,138,86,164,223,244,173,196,203,189,8,207,214,129,210
200,38,102,138,86,164,244,173,203,207,214,129,111
203,34,38,102,138,86,164,244,173,203,189,207,214,129
204,34,38,68,102,153,157,164,205,173,203,207,214,111
205,34,38,68,102,153,157,164,205,173,203,207,214,111
206,34,38,68,102,138,86,157,164,205,244,173,203,189,207,214,111
207,14,38,68,102,138,157,164,173,203,207,214,129,210
208,34,38,102,153,157,164,205,173,203,189,207,214,111
209,5,25,34,38,68,69,102,118,86,164,223,173,203,189,8,207,214,111,9,7
210,5,25,34,38,68,69,102,118,86,157,164,223,173,203,189,8,207,214,111,9,7
211,14,38,102,86,164,205,173,196,203,207,214,129,111
212,14,38,68,102,164,173,203,207,214,129,210
213,34,38,102,157,164,205,173,203,189,207,214,111
214,14,34,38,68,69,102,157,164,173,203,207,214,210
215,14,38,68,102,138,164,223,244,173,196,203,189,8,207,214,129,111,210
216,5,14,25,34,38,68,69,102,118,164,223,205,173,203,189,8,207,214,129,111,9,7,210
217,5,14,25,34,38,68,69,102,118,157,164,223,205,173,203,189,8,207,214,129,111,9,7,210
218,34,38,102,157,164,205,173,203,189,207,214,111
219,34,38,102,157,164,205,173,203,189,207,214,111
220,34,38,102,157,164,173,196,203,189,207,214,111
221,34,38,102,157,164,173,196,203,189,207,214,111
222,34,38,102,153,157,164,205,173,203,189,207,214,111
223,38,102,86,164,173,203,189,207,214,129,111
224,38,69,102,86,164,173,203,189,207,214,129,111
225,5,25,34,38,68,69,102,164,173,196,203,189,207,214,129
226,34,38,102,164,173,196,203,189,207,214,129
227,38,68,102,157,164,173,203,189,207,214,129
228,34,38,68,102,138,164,173,203,189,207,214,129
229,34,38,68,102,138,164,173,203,189,207,214,129
230,34,38,102,164,173,196,203,207,214,129
231,34,38,68,102,164,205,173,203,189,207,214,111
232,34,38,68,102,157,164,205,173,203,189,207,214,111
233,38,102,138,86,164,244,173,196,203,207,214,129,111
234,34,38,102,138,86,164,244,173,203,189,207,214,129
236,25,34,38,68,69,102,157,164,173,203,189,207,214,129
237,25,34,38,68,69,102,157,164,173,203,189,207,214,129
238,5,25,34,38,68,69,102,118,138,164,223,244,173,196,203,189,8,207,214
239,5,25,34,38,68,69,102,86,164,223,173,203,189,8,207,214,129,9,7
240,5,25,34,38,68,69,102,164,223,173,203,189,207,214,9,7
241,5,25,34,38,68,69,102,118,86,157,164,223,205,244,173,196,203,189,8,207,214,111,9,7
242,5,25,34,38,68,69,102,118,135,138,86,164,223,205,173,196,203,189,207,214,111
243,34,38,102,86,164,244,173,203,189,207,214,129
244,34,38,102,164,244,173,203,189,207,214,129
245,34,38,102,164,244,173,196,203,189,207,214,129
246,34,38,102,157,164,173,203,189,207,214
247,34,38,102,157,164,173,203,189,207,214
248,5,25,34,38,68,69,102,86,157,164,223,173,203,189,207,214,7,210
249,34,38,102,138,86,164,244,173,196,203,189,207,214,129
250,38,102,138,86,164,244,173,203,189,207,214,129
251,14,38,102,118,138,164,244,173,203,189,207,214,129,111
252,5,14,25,34,38,68,69,102,164,223,173,203,189,207,214,129,9,210
253,5,14,25,34,38,68,69,102,164,223,173,203,189,207,214,129,9,210
254,5,14,25,34,38,68,69,102,164,223,173,203,189,207,214,129,9,210
255,5,14,25,34,38,68,69,102,157,164,173,203,189,207,214,129
256,5,14,25,34,38,68,69,102,157,164,223,173,203,189,207,214,129,9,7,210
257,5,14,25,34,38,68,69,102,157,164,223,173,203,189,207,214,129,9,7,210
258,34,38,102,164,205,173,196,203,189,207,214,111
259,5,25,34,38,68,69,102,157,164,223,205,173,196,203,189,8,207,214,111
260,5,25,34,38,68,69,102,157,164,223,205,173,196,203,189,8,207,214,111
261,34,38,68,102,164,244,173,203,189,207,214
262,34,38,68,102,164,244,173,203,189,207,214
263,34,38,102,86,164,205,173,196,203,189,207,214,129,111,210
264,34,38,102,86,164,205,173,196,203,189,207,214,129,111,210
267,38,102,164,173,203,207,214,129
269,38,102,164,173,203,207,214,129
270,14,34,38,102,164,173,196,203,207,214
271,14,34,38,102,164,223,173,196,203,189,8,207,214,9,7
272,5,14,25,34,38,68,69,102,118,164,223,173,196,203,189,8,207,214,9,7
273,14,34,38,102,153,164,205,173,203,207,214,111
274,14,25,34,38,102,153,164,205,244,173,203,189,207,214,129,111,210
275,14,25,34,38,102,153,164,205,244,173,203,189,207,214,129,111,210
276,38,68,102,164,173,203,189,207,214,129
277,38,68,102,164,173,203,189,207,214,129
278,38,102,164,173,196,203,189,207,214,129
279,38,102,164,173,196,203,189,207,214,129
280,34,38,102,138,86,164,244,173,196,203,189,8,207,214,111,9,7
281,34,38,102,138,86,164,244,173,196,203,189,8,207,214,111,9,7
282,34,38,102,138,86,164,244,173,196,203,189,8,207,214,111,9,7
283,38,102,164,244,173,196,203,207,214,129
284,38,102,164,244,173,196,203,207,214,129
285,14,34,38,102,164,173,203,207,214
286,5,14,25,34,38,68,69,102,164,223,173,203,189,207,214,9,210
287,5,25,34,38,68,69,102,157,164,223,173,196,203,189,8,207,214,9,7,210
288,5,25,34,38,68,69,102,157,164,223,173,196,203,189,8,207,214,9,7,210
289,5,25,34,38,68,69,102,157,164,223,173,196,203,189,8,207,214,9,7,210
290,38,102,164,173,203,189,207,214,210
291,14,38,102,164,173,203,189,207,214,129,210
292,38,102,138,164,173,203,189,207,214,210
293,5,25,34,38,68,69,102,164,223,205,244,173,196,203,189,8,207,214,111,9,7
294,5,25,34,38,68,69,102,157,164,223,205,244,173,196,203,189,8,207,214,111,9,7
295,5,25,34,38,68,69,102,157,164,223,205,244,173,196,203,189,8,207,214,111,9,7
296,5,25,34,38,68,69,102,118,157,164,223,173,203,189,8,207,214,9,7
297,5,25,34,38,68,69,102,118,157,164,223,173,203,189,8,207,214,9,7
298,34,38,102,164,205,173,196,203,189,207,214,129,111
299,34,38,102,86,153,157,164,223,205,173,203,189,8,207,214,111,9,7
300,34,38,102,138,86,164,205,244,173,196,203,189,207,214,129,111
301,34,38,102,138,86,164,205,244,173,196,203,189,207,214,129,111
302,5,25,34,38,68,69,102,118,138,164,223,244,173,203,189,8,207,214,9,7,210
303,5,14,25,34,38,68,69,102,157,164,223,244,173,196,203,189,8,207,214,9
304,34,38,102,157,164,205,173,203,189,207,214,111,210
305,34,38,102,157,164,205,173,203,189,207,214,111,210
306,5,25,34,38,68,69,102,86,157,164,223,205,173,196,203,189,8,207,214,111,9,7,210
307,5,25,34,38,68,69,102,118,138,164,223,244,173,203,189,8,207,214,129,9,7
308,5,25,34,38,68,69,102,118,138,157,164,223,244,173,203,189,8,207,214,129,9,7
309,34,38,102,86,164,173,203,189,207,214,129
310,34,38,102,86,164,173,203,189,207,214,129
311,5,25,34,38,68,69,102,118,86,164,223,205,173,203,189,207,214,129,111,9
312,5,25,34,38,68,69,102,118,86,164,223,205,173,203,189,207,214,129,111,9
313,5,25,34,38,68,69,102,118,86,164,223,244,173,203,189,8,207,214,129,9
314,5,25,34,38,68,69,102,118,86,164,223,244,173,203,189,8,207,214,129,9
315,14,34,38,102,164,244,173,203,189,207,214,129,210
316,34,38,68,102,138,153,164,223,205,173,203,189,8,207,214,111,9,7
317,34,38,68,102,138,153,164,223,205,173,203,189,8,207,214,111,9,7
318,38,102,164,173,196,203,189,207,214,129,210
319,38,102,164,173,196,203,189,207,214,129,210
320,34,38,102,164,205,173,196,203,207,214,111
321,34,38,102,164,205,173,196,203,207,214,111
322,34,38,102,157,164,205,173,203,189,207,214,111
323,34,38,102,153,157,164,205,173,203,189,207,214,111
324,34,38,102,153,157,164,173,203,189,207,214
325,34,38,102,138,164,244,173,196,203,207,214,129
326,5,25,34,38,68,69,102,138,164,223,244,173,196,203,189,8,207,214,129,9,7
327,5,25,34,38,68,69,102,118,138,157,164,223,205,244,173,196,203,189,8,207,214,129,111,9,7
328,34,38,102,157,164,173,203,189,207,214
329,34,38,102,157,164,173,203,189,207,214,129
330,34,38,102,157,164,173,203,189,207,214,129,7,210
331,5,14,34,38,68,69,102,164,223,173,203,189,207,214,9,210
332,5,14,25,34,38,68,69,102,164,223,173,203,189,207,214,9,210
333,34,38,102,138,164,244,173,203,189,207,214,129
334,34,38,102,138,164,244,173,203,189,207,214,129
335,5,14,25,34,38,68,69,102,86,157,164,223,205,173,196,203,189,8,207,214,129,111,9,7,210
336,34,38,102,164,173,203,189,207,214,129,210
337,34,38,102,138,153,157,164,205,244,173,203,207,214,129,111
338,34,38,102,138,153,157,164,205,244,173,203,207,214,129,111
339,38,102,164,173,196,203,189,207,214
340,38,102,157,164,173,196,203,189,207,214
341,14,34,38,68,102,164,173,196,203,189,207,214,210
342,14,34,38,68,102,164,173,196,203,189,207,214,129,210
343,38,102,138,153,157,164,244,173,203,189,207,214
344,38,102,138,153,157,164,244,173,203,189,207,214
345,34,38,102,157,164,244,173,203,189,207,214
346,34,38,102,157,164,244,173,203,189,207,214
347,14,34,38,102,157,164,173,203,189,207,214,210
348,14,34,38,69,102,157,164,173,203,189,207,214,210
349,38,102,164,173,196,203,207,214,129
350,34,38,102,164,244,173,196,203,189,207,214,129
351,34,38,102,86,164,244,173,196,203,207,214,129,111
352,5,25,34,38,68,69,102,118,86,157,164,223,205,244,173,196,203,189,8,207,214,129,111,9,7,210
353,34,38,102,138,86,164,244,173,196,203,207,214
354,34,38,102,118,138,86,164,244,173,196,203,189,207,214
355,34,38,102,138,164,244,173,196,203,207,214
356,5,25,34,38,68,69,102,118,138,157,164,223,244,173,196,203,189,8,207,214,9,7
357,14,34,38,102,164,173,203,189,207,214,210
358,38,102,138,164,205,244,173,196,203,207,214,111
359,14,34,38,68,102,138,86,157,164,244,173,196,203,189,207,214,129,210
361,34,38,102,164,173,196,203,207,214
362,34,38,102,153,164,205,173,196,203,207,214,111
363,34,38,102,157,164,205,173,196,203,189,207,214,111
364,34,38,102,157,164,205,173,196,203,189,207,214,111
365,34,38,102,157,164,205,173,196,203,189,207,214,111
366,34,38,102,164,173,196,203,207,214
367,34,38,102,164,173,196,203,189,207,214,129
368,34,38,102,164,173,196,203,189,207,214,129
369,34,38,102,157,164,244,173,196,203,189,207,214
370,38,102,164,244,173,196,203,207,214,129
371,34,38,102,157,164,173,203,189,207,214,210
372,34,38,102,157,164,205,173,203,189,207,214,111,210
373,34,38,102,157,164,205,173,203,189,207,214,129,111,210
375,34,38,102,153,157,164,223,205,244,173,196,203,189,8,207,214,129,111,9,210
376,34,38,102,153,157,164,223,205,244,173,196,203,189,8,207,214,129,111,9,210
377,5,25,34,38,68,69,102,86,153,157,164,223,205,244,173,203,189,8,207,214,111,9,7
378,5,25,34,38,68,69,102,86,153,157,164,223,205,244,173,196,203,189,8,207,214,111,9
379,5,25,34,38,68,69,102,86,153,157,164,223,205,244,173,203,189,8,207,214,111,9
380,34,38,102,138,86,164,244,173,196,203,189,207,214,129,210
381,34,38,102,138,86,164,244,173,196,203,189,207,214,129,210
382,34,38,102,86,157,164,244,173,196,203,189,207,214,129,111
383,5,14,25,34,38,68,69,102,86,157,164,223,205,244,173,203,189,207,214,129,111,9,7,210
384,34,38,102,86,157,164,244,173,196,203,189,207,214,129,210
385,34,38,102,118,138,86,164,223,244,173,196,203,189,8,207,214,129,111,9,7
386,5,25,34,38,68,69,102,138,86,157,164,223,244,173,196,203,189,8,207,214,129,9,7
