# Move tutor compatibility for Expansion species from the Expansion's porymoves taught lists: server species id, then the tutor moves it can be taught.
65537,14,34,38,102,111,164,173,189,203,207,210,214
65538,14,34,38,102,111,164,173,189,203,207,210,214
65539,14,34,38,102,111,164,173,189,203,207,210,214
65540,5,7,9,14,25,34,38,68,69,102,111,129,157,164,173,189,203,207,210,214,223
65541,5,7,9,14,25,34,38,68,69,102,111,129,157,164,173,189,203,207,210,214,223
65542,5,7,9,14,25,34,38,68,69,102,111,129,157,164,173,189,203,207,210,214,223
65543,5,8,25,34,38,68,69,102,111,157,164,173,189,196,203,205,207,214,223
65544,5,8,25,34,38,68,69,102,111,157,164,173,189,196,203,205,207,214,223
65545,5,8,25,34,38,68,69,102,111,157,164,173,189,196,203,205,207,214,223
65546,173
65548,38,102,129,138,164,173,203,207,214,244
65551,14,38,102,129,164,173,203,207,210,214
65552,38,102,129,164,173,189,203,207,214
65553,38,102,129,164,173,189,203,207,214
65554,38,102,129,164,173,189,203,207,214
65555,34,38,68,86,102,111,129,164,173,189,196,203,207,214
65556,14,34,38,68,86,102,111,129,164,173,189,196,203,207,214
65557,38,102,129,164,173,189,203,207,214
65558,38,102,129,164,173,189,203,207,214
65559,34,38,102,157,164,173,189,203,207,214
65560,34,38,102,157,164,173,189,203,207,214
65561,5,9,25,34,38,68,69,86,102,111,129,164,173,189,203,205,207,214,223
65562,5,9,25,34,38,68,69,86,102,111,129,164,173,189,203,205,207,214,223
65563,14,34,38,68,69,102,111,129,157,164,173,189,203,205,207,210,214,223
65564,14,34,38,68,69,102,111,129,157,164,173,189,203,205,207,210,214,223
65565,34,38,68,102,111,164,173,189,203,207,214
65566,34,38,68,102,111,164,173,189,203,207,214
65567,5,7,8,9,25,34,38,68,69,102,111,157,164,173,189,196,203,207,210,214,223
65568,34,38,68,102,111,164,173,189,203,207,214
65569,34,38,68,102,111,164,173,189,203,207,214
65570,5,7,8,9,25,34,38,68,69,102,111,157,164,173,189,196,203,207,210,214,223
65571,5,7,8,9,25,34,38,68,69,86,102,111,118,129,135,138,164,173,189,196,203,205,207,214,223,244
65572,5,7,8,9,25,34,38,68,69,86,102,111,118,129,135,138,164,173,189,196,203,205,207,214,223,244
65573,34,38,102,129,164,173,203,207,214,244
65574,34,38,102,129,138,164,173,203,207,214,244
65575,5,7,8,9,25,34,38,68,69,86,102,111,118,129,138,164,173,189,196,203,205,207,214,223,244
65576,5,7,8,9,25,34,38,68,69,86,102,111,118,129,138,164,173,189,196,203,205,207,214,223,244
65577,38,102,129,164,173,203,207,214
65578,38,102,129,164,173,203,207,214
65579,14,38,102,164,173,203,207,214
65580,14,38,102,164,173,203,207,214
65581,14,34,38,102,164,173,203,207,214
65582,14,34,38,68,102,164,173,203,207,210,214
65583,14,34,38,68,102,164,173,203,207,210,214
65584,38,102,129,164,173,203,207,214
65585,38,102,129,138,164,173,203,207,214
65586,14,34,38,102,157,164,173,189,203,207,214
65587,14,34,38,102,157,164,173,189,203,207,214
65588,34,38,86,102,111,129,138,164,173,189,196,203,207,214,244
65589,34,38,86,102,111,129,138,164,173,189,196,203,207,214,244
65590,5,8,25,34,38,68,69,102,118,129,164,173,189,196,203,207,214,223,244
65591,5,8,25,34,38,68,69,102,118,129,164,173,189,196,203,207,210,214,223,244
65592,5,7,8,9,25,34,38,68,69,102,111,118,129,157,164,173,189,203,207,214,223,244
65593,5,7,8,9,25,34,38,68,69,102,111,118,129,157,164,173,189,203,207,214,223,244
65594,34,38,102,129,164,173,189,203,207,214
65595,34,38,102,129,164,173,189,203,207,214
65596,34,38,102,111,129,164,173,189,196,203,207,214
65597,5,8,25,34,38,68,69,102,111,118,129,164,173,189,196,203,207,214,244
65598,5,8,25,34,38,68,69,102,111,118,129,157,164,173,189,196,203,207,214,223,244
65599,5,7,8,9,25,34,38,68,69,86,102,118,129,138,164,173,203,207,214,223,244
65600,5,7,8,9,25,34,38,68,69,86,102,118,129,138,164,173,203,207,214,223,244
65601,5,7,8,9,25,34,38,68,69,86,102,118,129,138,164,173,203,207,214,223,244
65602,5,7,8,9,25,34,38,68,69,102,118,157,164,173,189,203,207,214,223
65603,5,7,8,9,25,34,38,68,69,102,118,157,164,173,189,203,207,214,223
65604,5,7,8,9,25,34,38,68,69,102,118,157,164,173,189,203,207,214,223
65605,14,38,102,164,173,203,207,214
65606,14,34,38,102,129,164,173,203,207,214
65607,14,34,38,102,129,164,173,203,207,214
65608,14,38,102,129,164,173,196,203,207,214
65609,14,38,102,129,164,173,196,203,207,214
65610,5,7,9,34,38,68,69,102,111,118,153,157,164,173,189,203,205,207,214,223
65611,5,7,9,34,38,68,69,102,111,118,153,157,164,173,189,203,205,207,214,223
65612,5,7,9,25,34,38,68,69,102,111,118,153,157,164,173,189,203,205,207,210,214,223
65613,34,38,102,129,164,173,203,207,214
65614,14,34,38,102,129,164,173,203,207,214
65615,34,38,86,102,129,138,164,173,189,196,203,207,214,244
65616,5,8,25,34,38,68,69,86,102,118,129,138,164,173,189,196,203,207,210,214,223,244
65617,38,86,102,129,153,164,173,203,205,207,214,244
65618,38,86,102,129,153,164,173,203,205,207,214,244
65619,14,34,38,102,129,164,173,189,203,207,210,214,244
65620,14,34,38,102,129,164,173,189,203,207,214
65621,14,34,38,102,129,164,173,189,203,207,214
65622,34,38,102,164,173,196,203,207,214
65623,34,38,102,164,173,196,203,207,214
65624,7,8,9,34,102,118,153,157,164,173,189,203,207,214,223
65625,7,8,9,34,102,118,129,153,157,164,173,189,203,207,214,223
65626,38,102,129,153,164,173,196,203,207,214
65627,34,38,102,129,153,164,173,196,203,207,214
65628,7,8,9,102,138,153,164,173,196,203,207,214,244
65629,7,8,9,102,118,138,153,164,173,196,203,207,214,244
65630,5,7,8,9,25,34,38,68,69,86,102,118,138,153,164,173,196,203,207,214,223,244
65631,34,38,102,153,157,164,173,189,203,205,207,214,244
65632,5,7,8,9,25,34,38,68,69,86,102,118,129,138,164,173,203,207,214,223,244
65633,5,7,8,9,25,34,38,68,69,86,102,118,129,138,164,173,203,207,214,223,244
65634,14,34,38,102,157,164,173,189,196,203,207,210,214
65635,14,34,38,102,157,164,173,189,196,203,207,210,214
65636,38,86,102,129,153,164,173,203,205,207,214
65637,38,86,102,129,153,164,173,203,205,207,214
65638,14,38,102,138,153,164,173,203,205,207,214,244
65639,14,34,38,102,138,153,164,173,203,205,207,214,244
65640,5,7,9,14,25,34,38,68,69,102,129,157,164,173,189,196,203,207,210,214,223
65641,5,7,9,14,25,34,38,68,69,102,129,157,164,173,189,196,203,207,210,214,223
65642,5,14,25,34,38,68,69,102,118,129,157,164,173,189,203,207,214,223
65643,5,7,8,9,14,25,34,38,68,69,102,118,129,157,164,173,189,203,207,214,223
65644,5,7,8,9,14,25,34,38,68,69,102,111,138,157,164,173,189,196,203,205,207,214,223,244
65645,34,102,153,164,173,203,205,207,214
65646,34,102,153,164,173,203,205,207,214
65647,14,34,38,68,102,157,164,173,189,196,203,205,207,214
65648,5,7,8,9,14,25,34,38,68,69,102,157,164,173,189,196,203,205,207,210,214,223
65649,5,7,8,9,25,34,38,68,69,86,102,111,118,129,135,138,157,164,173,189,196,203,205,207,214,223,244
65650,14,34,38,102,164,173,203,207,214,244
65651,5,7,8,9,25,34,38,68,69,102,157,164,173,189,196,203,207,210,214,223
65652,38,102,129,164,173,196,203,207,214
65653,38,102,129,164,173,196,203,207,214
65654,14,34,38,102,129,164,173,189,196,203,207,210,214
65655,14,34,38,102,129,164,173,189,196,203,207,210,214
65656,38,86,102,129,164,173,196,203,205,207,214,244
65657,38,86,102,129,138,164,173,196,203,205,207,214,244
65658,5,7,8,9,25,34,38,68,69,86,102,118,138,164,173,189,196,203,207,214,223,244
65659,14,38,68,102,129,164,173,203,207,210,214
65660,5,8,25,34,38,68,69,102,118,138,164,173,189,196,203,207,214,223,244
65661,5,7,8,9,25,34,38,68,69,86,102,118,129,164,173,189,203,207,214,223
65662,5,7,9,25,34,38,68,69,102,118,164,173,189,203,207,214,223
65663,14,34,38,69,102,157,164,173,203,207,210,214
65664,34,38,102,157,164,173,196,203,207,214
65666,34,38,86,102,164,173,196,203,207,214
65667,34,38,102,138,164,173,196,203,207,214
65669,34,38,102,129,164,173,189,203,207,214
65670,34,38,102,129,164,173,189,196,203,207,214
65671,34,38,86,102,129,164,173,189,203,207,214
65672,34,38,102,129,164,173,189,203,207,214
65673,38,86,102,129,138,164,173,196,203,207,214,244
65674,34,38,102,157,164,173,196,203,205,207,214
65675,34,38,69,102,157,164,173,196,203,205,207,214
65676,34,38,102,157,164,173,189,196,203,205,207,214
65677,14,25,34,38,69,102,157,164,173,189,196,203,205,207,210,214
65678,38,102,129,157,164,173,203,207,214
65679,5,7,8,9,25,34,38,68,69,102,111,118,157,164,173,189,196,203,205,207,214,223,244
65680,38,102,129,164,173,189,196,203,207,214
65681,38,86,102,129,164,173,189,203,207,214
65682,38,102,129,164,173,189,203,207,214
65683,34,38,86,102,129,164,173,196,203,207,214
65684,34,38,86,102,129,164,173,196,203,207,214
65685,5,7,8,9,25,34,38,86,102,118,129,157,164,173,189,196,203,207,210,214,223
65686,5,7,8,9,25,34,38,68,69,86,102,118,129,138,157,164,173,189,196,203,207,214,223,244
65687,5,7,8,9,14,25,34,38,68,69,86,102,111,118,129,135,138,153,157,164,173,189,196,203,205,207,210,214,223,244
65688,14,34,38,68,102,164,173,189,203,207,210,214
65689,14,34,38,68,102,164,173,189,203,207,210,214
65690,14,34,38,68,102,164,173,189,203,207,210,214
65691,34,38,102,111,129,164,173,189,203,205,207,214
65692,34,38,102,111,129,164,173,189,203,205,207,210,214
65693,5,7,9,25,34,38,68,69,102,111,129,157,164,173,189,203,205,207,210,214,223
65694,5,8,14,25,34,38,68,69,102,157,164,173,189,196,203,207,214,223
65695,5,8,14,25,34,38,68,69,102,157,164,173,189,196,203,207,210,214,223
65696,5,8,14,25,34,38,68,69,102,157,164,173,189,196,203,207,210,214,223
65697,7,8,9,34,38,102,111,129,164,173,189,203,205,207,210,214,223
65698,7,8,9,34,38,102,111,129,164,173,189,203,205,207,210,214,223
65699,38,102,129,138,164,173,189,203,207,214,244
65700,34,38,102,129,138,164,173,189,203,207,214,244
65701,5,8,9,14,38,102,129,164,173,203,205,207,214,223
65702,5,8,9,14,38,102,129,164,173,203,205,207,214,223
65703,34,38,102,164,173,203,207,214
65704,14,34,38,102,164,173,203,207,214
65705,38,102,129,164,173,203,207,214
65706,38,86,102,164,173,196,203,207,214
65707,38,86,102,164,173,196,203,207,214
65708,5,9,25,34,38,68,69,86,102,111,129,164,173,189,203,205,207,214
65709,5,25,34,38,68,69,86,102,111,118,129,135,138,164,173,189,196,203,205,207,214,244
65710,5,25,34,38,68,69,86,102,111,129,138,164,173,189,196,203,205,207,214,244
65711,5,25,34,38,68,69,86,102,111,118,129,135,138,164,173,189,203,205,207,214,244
65712,5,25,34,38,68,69,86,102,111,118,129,135,138,164,173,189,203,205,207,214,244
65713,38,86,102,129,138,164,173,203,207,214,244
65714,38,86,102,129,138,164,173,203,207,214,244
65715,34,38,86,102,111,129,164,173,203,207,214
65716,5,7,8,9,25,34,38,68,69,86,102,111,129,164,173,203,207,214,223
65717,5,7,8,9,25,34,38,68,69,86,102,111,129,164,173,203,207,214,223
65718,14,38,102,164,173,203,207,214
65719,5,8,25,34,38,69,102,111,118,129,164,173,189,196,203,205,207,214,223
65720,5,8,25,34,38,69,102,111,118,129,164,173,189,196,203,205,207,214,223
65721,5,7,8,9,25,34,38,68,69,102,111,153,157,164,173,189,203,205,207,214,223,244
65722,5,8,25,34,38,68,69,102,111,118,129,164,173,189,196,203,207,214,223,244
65723,14,38,102,111,164,173,203,207,214,244
65724,14,38,102,111,164,173,203,207,214,244
65725,14,38,102,111,164,173,203,207,214,244
65726,5,7,8,9,25,34,38,68,69,86,102,111,118,129,138,164,173,189,203,207,210,214,223
65727,14,38,102,164,173,203,207,214
65728,14,38,102,164,173,203,207,214
65729,14,38,102,129,138,164,173,203,207,214,244
65730,8,34,38,102,111,157,164,173,189,196,203,205,207,214,223
65731,5,8,25,34,38,68,69,102,111,157,164,173,189,196,203,205,207,214,223
65732,34,38,86,102,129,138,164,173,189,203,207,214,244
65733,34,38,86,102,129,138,164,173,189,203,207,214,244
65734,38,86,102,129,138,164,173,189,196,203,207,214,244
65735,5,7,8,9,25,34,38,68,69,86,102,118,129,138,157,164,173,189,196,203,207,210,214,223,244
65736,38,86,102,111,129,138,164,173,196,203,207,214,244
65739,34,38,86,102,129,138,164,173,189,203,207,214,244
65740,34,38,68,102,111,129,153,157,164,173,203,205,207,214
65741,34,38,68,86,102,111,129,153,157,164,173,203,205,207,214
65742,34,38,68,86,102,111,138,157,164,173,189,203,205,207,214,244
65743,14,38,68,102,129,138,157,164,173,189,203,207,210,214
65744,34,38,102,111,153,157,164,173,189,203,205,207,214,244
65745,5,7,8,9,25,34,38,68,69,86,102,111,118,164,173,189,203,207,214,223
65746,5,7,8,9,25,34,38,68,69,86,102,111,118,157,164,173,189,203,207,214,223
65747,14,38,86,102,111,129,153,164,173,196,203,205,207,214
65748,14,38,68,102,129,164,173,203,207,210,214
65749,34,38,102,111,157,164,173,189,203,205,207,214
65750,14,34,38,68,69,102,157,164,173,203,207,210,214
65751,5,8,14,25,38,68,102,111,129,138,164,173,189,196,203,207,210,214,223,244
65752,5,7,8,9,14,25,34,38,68,69,102,111,118,129,157,164,173,189,203,205,207,210,214,223
65753,5,7,8,9,14,25,34,38,68,69,102,111,118,129,157,164,173,189,203,205,207,210,214,223
65754,34,38,102,111,157,164,173,189,203,205,207,214
65755,34,38,102,111,153,157,164,173,189,203,205,207,214
65756,34,38,102,111,157,164,173,189,196,203,207,214
65757,34,38,102,111,157,164,173,189,196,203,207,214
65758,34,38,102,111,153,157,164,173,189,196,203,205,207,214
65759,38,86,102,111,129,164,173,189,196,203,207,214
65760,38,69,86,102,111,129,164,173,189,196,203,207,214
65761,5,8,25,34,38,68,69,102,129,164,173,189,196,203,205,207,214
65762,34,38,102,129,157,164,173,189,196,203,207,214
65763,14,38,68,102,129,157,164,173,189,196,203,207,210,214
65764,34,38,68,102,129,138,164,173,189,203,207,214
65765,34,38,68,102,129,138,164,173,189,203,207,214
65766,34,38,102,129,164,173,196,203,207,214
65767,34,38,68,102,111,157,164,173,189,203,205,207,214
65768,34,38,68,102,111,157,164,173,189,203,205,207,214
65769,38,86,102,111,129,138,164,173,196,203,207,214,244
65770,34,38,86,102,129,138,164,173,189,203,207,214,244
65772,5,25,34,38,68,69,102,129,157,164,173,189,203,207,214
65773,5,25,34,38,68,69,102,129,157,164,173,189,203,205,207,214
65774,5,8,25,34,38,68,69,102,118,138,164,173,189,196,203,207,214,223,244
65775,5,7,8,9,25,34,38,68,69,86,102,129,164,173,189,203,207,214,223
65776,5,7,9,25,34,38,68,69,102,164,173,189,203,207,214,223
65777,5,7,8,9,25,34,38,68,69,86,102,111,118,157,164,173,189,196,203,205,207,214,223,244
65778,5,7,8,9,25,34,38,68,69,86,102,111,118,129,135,138,157,164,173,189,196,203,205,207,214,223,244
65779,34,38,86,102,129,164,173,189,203,207,214,244
65780,34,38,102,129,164,173,189,203,207,214,244
65781,34,38,102,129,164,173,189,196,203,207,214,244
65782,34,38,102,157,164,173,189,203,207,214
65783,34,38,102,157,164,173,189,203,207,214
65784,5,7,8,9,25,34,38,68,69,86,102,157,164,173,189,196,203,207,210,214,223
65785,34,38,86,102,129,138,164,173,189,196,203,207,214,244
65786,34,38,86,102,129,138,164,173,189,203,207,214,244
65787,14,38,86,102,111,118,129,138,164,173,189,203,207,214,244
65788,5,9,14,25,34,38,68,69,102,129,157,164,173,189,203,207,210,214,223
65789,5,9,14,25,34,38,68,69,102,129,157,164,173,189,203,207,210,214,223
65790,5,9,14,25,34,38,68,69,102,129,157,164,173,189,203,207,210,214,223
65791,5,14,25,34,38,68,69,102,129,157,164,173,189,203,207,214
65792,5,7,9,14,25,34,38,68,69,102,129,157,164,173,189,203,207,210,214,223
65793,5,7,9,14,25,34,38,68,69,102,129,157,164,173,189,203,207,210,214,223
65794,34,38,102,111,157,164,173,189,196,203,205,207,214
65795,5,8,25,34,38,68,69,102,111,157,164,173,189,196,203,205,207,214,223
65796,5,8,25,34,38,68,69,102,111,157,164,173,189,196,203,205,207,214,223
65797,34,38,68,102,164,173,189,203,207,214,244
65798,34,38,68,102,164,173,189,203,207,214,244
65799,34,38,86,102,111,129,164,173,189,196,203,205,207,210,214
65800,34,38,86,102,111,129,164,173,189,196,203,205,207,210,214
65801,173
65803,38,102,129,164,173,203,207,214
65805,38,102,129,164,173,203,207,214
65806,14,34,38,102,164,173,196,203,207,214
65807,5,7,8,9,14,25,34,38,102,118,164,173,189,196,203,207,214,223
65808,5,7,8,9,14,25,34,38,68,69,102,118,129,164,173,189,196,203,207,214,223
65809,14,34,38,102,111,153,164,173,203,205,207,214
65810,14,25,34,38,102,111,129,153,157,164,173,189,203,205,207,210,214,244
65811,14,25,34,38,102,111,129,153,157,164,173,189,196,203,205,207,210,214,244
65812,38,68,102,129,164,173,189,203,207,214
65813,38,68,102,129,164,173,189,203,207,214
65814,38,102,129,164,173,189,196,203,207,214
65815,34,38,102,129,164,173,189,196,203,207,214
65816,5,7,8,9,25,34,38,86,102,111,118,129,138,164,173,189,196,203,207,214,244
65817,5,7,8,9,25,34,38,86,102,111,118,129,138,164,173,189,196,203,207,214,244
65818,5,7,8,9,25,34,38,86,102,111,118,129,138,164,173,189,196,203,207,214,244
65819,38,102,129,164,173,189,196,203,207,214,244
65820,38,102,129,164,173,189,196,203,207,214,244
65821,14,34,38,102,129,164,173,203,207,214
65822,5,9,14,25,34,38,68,69,102,129,157,164,173,189,203,207,210,214,223
65823,5,7,8,9,25,34,38,68,69,102,118,157,164,173,189,196,203,207,210,214,223
65824,5,7,8,9,25,34,38,68,69,86,102,118,157,164,173,189,196,203,207,210,214,223
65825,5,7,8,9,25,34,38,68,69,86,102,118,157,164,173,189,196,203,207,210,214,223
65826,38,102,164,173,189,203,207,210,214
65827,14,38,102,129,164,173,189,203,207,210,214
65828,38,102,138,164,173,189,203,207,210,214
65829,5,7,8,9,25,34,38,68,69,102,111,164,173,189,196,203,205,207,214,223,244
65830,5,7,8,9,25,34,38,68,69,102,111,157,164,173,189,196,203,205,207,214,223,244
65831,5,7,8,9,25,34,38,68,69,102,111,157,164,173,189,196,203,205,207,214,223,244
65832,5,7,8,9,25,34,38,68,69,102,118,129,157,164,173,189,203,207,214,223
65833,5,7,8,9,25,34,38,68,69,102,118,129,157,164,173,189,203,207,214,223
65834,34,38,102,111,129,164,173,189,196,203,205,207,214
65835,7,8,9,34,38,86,102,111,153,157,164,173,189,203,205,207,214,223
65836,34,38,86,102,111,129,138,164,173,189,196,203,205,207,214,244
65837,34,38,86,102,111,129,138,164,173,189,196,203,205,207,214,244
65838,5,7,8,9,25,34,38,68,69,86,102,118,138,164,173,189,196,203,207,210,214,223,244
65839,5,8,9,14,25,34,38,68,69,102,157,164,173,189,196,203,207,214,223,244
65840,34,38,102,111,157,164,173,189,203,205,207,210,214
65841,34,38,102,111,157,164,173,189,203,205,207,210,214
65842,5,7,8,9,25,34,38,68,69,86,102,111,157,164,173,189,196,203,205,207,210,214,223
65843,5,7,8,9,25,34,38,68,69,102,118,129,138,157,164,173,189,203,207,214,223,244
65844,5,7,8,9,25,34,38,68,69,102,118,129,138,157,164,173,189,203,207,214,223,244
65845,34,38,86,102,129,164,173,189,203,207,214
65846,34,38,86,102,129,164,173,189,203,207,214
65847,5,9,25,34,38,68,69,86,102,111,118,129,164,173,189,203,205,207,214,223
65848,5,9,25,34,38,68,69,86,102,111,118,129,164,173,189,203,205,207,214,223
65849,5,8,9,25,34,38,68,69,86,102,118,129,164,173,189,203,207,214,223,244
65850,5,8,9,25,34,38,68,69,86,102,118,129,164,173,189,203,207,214,223,244
65851,14,34,38,102,129,164,173,189,203,207,210,214,244
65852,7,8,9,14,34,38,68,86,102,111,138,153,164,173,189,203,205,207,214,223
65853,7,8,9,14,34,38,68,86,102,111,118,138,153,164,173,189,203,205,207,214,223
65854,38,102,129,164,173,189,196,203,207,210,214
65855,38,102,129,164,173,189,196,203,207,210,214
65856,34,38,102,111,164,173,196,203,205,207,214
65857,34,38,102,111,164,173,196,203,205,207,214
65858,34,38,102,111,157,164,173,189,203,205,207,214
65859,34,38,102,111,153,157,164,173,189,203,205,207,214
65860,34,38,102,153,157,164,173,189,203,205,207,214
65861,34,38,86,102,129,138,164,173,196,203,207,214,244
65862,5,7,8,9,25,34,38,68,69,86,102,118,129,138,164,173,189,196,203,207,214,223,244
65863,5,7,8,9,25,34,38,68,69,102,111,118,129,138,157,164,173,189,196,203,205,207,214,223,244
65864,34,38,102,157,164,173,189,203,207,210,214
65865,34,38,102,129,157,164,173,189,203,207,210,214
65866,5,7,9,25,34,38,102,129,157,164,173,189,203,207,210,214
65867,5,9,14,34,38,68,69,102,129,164,173,189,203,207,210,214,223
65868,5,9,14,25,34,38,68,69,102,129,164,173,189,203,207,210,214,223
65869,34,38,102,129,138,164,173,189,203,207,214,244
65870,34,38,102,129,138,164,173,189,203,207,214,244
65871,5,7,8,9,14,25,34,38,68,69,86,102,111,129,157,164,173,189,196,203,205,207,210,214,223
65872,14,34,38,102,129,164,173,189,203,207,210,214
65873,34,38,102,111,129,138,153,157,164,173,196,203,205,207,214,244
65874,14,34,38,102,111,129,138,153,157,164,173,203,205,207,214,244
65875,38,102,129,157,164,173,189,196,203,207,214
65876,34,38,102,129,157,164,173,189,196,203,207,214
65877,14,34,38,68,102,157,164,173,189,196,203,207,210,214
65878,14,34,38,68,102,129,157,164,173,189,196,203,207,210,214
65879,38,102,138,153,157,164,173,189,203,207,214,244
65880,38,102,138,153,157,164,173,189,203,207,214,244
65881,14,34,38,102,157,164,173,189,203,207,214,244
65882,14,34,38,102,157,164,173,189,203,207,214,244
65883,14,34,38,102,157,164,173,189,203,207,210,214
65884,14,34,38,69,102,157,164,173,189,203,207,210,214
65885,38,102,129,164,173,196,203,207,214
65886,34,38,102,129,164,173,189,196,203,207,214,244
65887,34,38,86,102,111,129,164,173,196,203,207,214,244
65888,5,7,8,9,25,34,38,68,69,86,102,111,118,129,157,164,173,189,196,203,205,207,210,214,223,244
65889,34,38,86,102,118,138,164,173,196,203,207,214,244
65890,14,34,38,86,102,118,138,164,173,189,196,203,207,214,244
65891,34,38,102,138,164,173,196,203,207,214,244
65892,5,7,8,9,25,34,38,68,69,102,118,138,157,164,173,189,196,203,207,214,223,244
65893,14,34,38,102,164,173,189,203,207,210,214
65894,38,86,102,111,129,138,164,173,196,203,205,207,214,244
65895,14,34,38,68,86,102,129,138,157,164,173,189,196,203,207,210,214,244
65897,34,38,102,164,173,196,203,205,207,214
65898,34,38,102,111,153,164,173,196,203,205,207,214
65899,34,38,102,111,157,164,173,189,196,203,205,207,214
65900,34,38,102,111,157,164,173,189,196,203,205,207,214
65901,14,34,38,102,111,157,164,173,189,196,203,205,207,210,214
65902,34,38,102,164,173,196,203,207,214
65903,34,38,102,129,164,173,189,196,203,207,214
65904,34,38,102,129,164,173,189,196,203,207,214,244
65905,34,38,102,157,164,173,189,196,203,207,214,244
65906,38,102,129,164,173,196,203,207,214,244
65907,34,38,102,157,164,173,189,203,207,210,214
65908,34,38,102,111,157,164,173,189,203,205,207,210,214
65909,34,38,102,111,129,157,164,173,189,203,205,207,210,214
65911,8,9,34,38,102,111,129,153,157,164,173,189,196,203,205,207,210,214,223,244
65912,8,9,34,38,102,111,129,153,157,164,173,189,196,203,205,207,210,214,223,244
65913,5,7,8,9,25,34,38,68,69,86,102,111,153,157,164,173,189,203,205,207,214,223,244
65914,5,8,9,25,34,38,68,69,86,102,111,153,157,164,173,189,196,203,205,207,214,223,244
65915,5,8,9,25,34,38,68,69,86,102,111,153,157,164,173,189,203,205,207,214,223,244
65916,34,38,86,102,129,138,164,173,189,196,203,207,210,214,244
65917,34,38,86,102,129,138,164,173,189,196,203,207,210,214,244
65918,34,38,86,102,111,129,157,164,173,189,196,203,207,214,244
65919,5,7,9,14,25,34,38,68,69,86,102,111,129,157,164,173,189,203,205,207,210,214,223,244
65920,14,34,38,86,102,129,157,164,173,189,196,203,207,210,214,244
65921,5,7,8,9,25,34,38,86,102,111,118,129,138,164,173,189,196,203,207,214,223,244
65922,7,8,9,34,38,69,86,102,129,138,157,164,173,189,196,203,207,214,244
65923,14,34,38,164,173,189,203,207,214
65924,14,34,38,164,173,189,203,207,214
65925,14,34,38,157,164,173,189,203,207,214
65926,7,9,14,38,118,129,157,164,173,189,203,205,207,214,244
65927,7,9,14,38,118,129,157,164,173,189,203,205,207,214,244
65928,7,9,14,34,38,118,129,157,164,173,189,203,205,207,214,244
65929,129,164,173,189,196,203,207,214,244
65930,38,129,164,173,189,196,203,207,214,244
65931,14,34,38,129,157,164,173,189,196,203,207,210,214,244
65932,38,129,164,173,189,203,207,214
65933,38,129,164,173,189,203,207,214
65934,38,129,164,173,189,203,207,214
65935,14,86,129,164,173,189,196,203,205,207,210,214
65936,14,86,129,164,173,189,196,203,205,207,210,214
65937,173,189
65938,14,164,173,189,203,207,210,214
65939,38,86,129,164,173,189,203,207,210,214
65940,38,86,129,164,173,189,203,207,210,214
65941,34,38,86,129,164,173,189,203,207,210,214
65942,14,129,164,173,189,203,207,214,244
65943,14,34,129,164,173,189,203,207,210,214,244
65944,7,9,14,34,38,157,164,173,189,203,207,214
65945,7,9,14,34,38,157,164,173,189,203,207,214
65946,34,38,157,164,173,189,203,207,214
65947,34,38,157,164,173,189,203,207,214
65948,173
65949,138,164,173,203,207,214,244
65950,129,138,164,173,189,203,207,214,244
65951,129,173,189,214
65952,129,164,173,189,203,207,210,214
65953,9,86,129,164,173,189,203,205,207,214
65954,8,129,164,173,189,196,203,207,214
65955,8,34,38,118,129,164,173,189,196,203,207,214
65956,14,164,173,203,205,207,214
65957,14,164,173,203,205,207,214
65958,34,157,164,173,189,196,203,207,214
65959,34,157,164,173,189,196,203,207,214
65960,7,8,9,38,86,118,129,138,164,173,189,203,207,210,214
65961,34,86,129,138,153,164,173,189,196,203,205,207,214,244
65962,34,86,129,138,153,164,173,189,196,203,205,207,214,244
65963,5,7,8,9,25,86,129,164,173,189,203,207,214
65964,5,7,8,9,25,86,129,164,173,189,203,207,210,214
65965,86,129,138,164,173,196,203,207,214,244
65966,38,86,129,138,164,173,189,196,203,207,214,244
65967,129,138,164,173,189,203,207,210,214,244
65968,129,138,164,173,189,203,205,207,210,214,244
65969,38,86,129,138,164,173,196,203,205,207,214,244
65970,34,38,129,153,164,173,189,203,207,210,214
65971,34,38,129,153,164,173,189,203,207,210,214
65972,34,138,157,164,173,203,205,207,214,244
65973,34,138,153,157,164,173,203,205,207,214,244
65974,34,38,153,157,164,173,189,203,205,207,214,244
65975,86,138,164,173,189,196,203,207,214,244
65976,86,118,138,164,173,189,196,203,205,207,214,244
65977,129,164,173,189,203,207,214
65978,34,138,164,173,196,203,207,214,244
65979,14,34,38,129,157,164,173,189,203,207,210,214
65980,14,34,38,129,157,164,173,189,203,207,210,214
65981,14,34,38,129,157,164,173,189,203,207,210,214
65982,5,7,8,9,25,34,38,118,157,164,173,189,196,203,205,207,214
65983,5,8,9,14,25,129,157,164,173,189,203,207,210,214,244
65984,5,8,9,14,25,34,118,129,157,164,173,189,203,207,210,214,244
65985,34,38,157,164,173,189,203,207,214
65986,34,38,157,164,173,189,203,207,214
65987,14,164,173,189,203,207,210,214
65988,14,157,164,173,189,203,207,210,214
65989,5,8,9,25,157,164,173,189,196,203,207,210,214
65990,5,8,9,14,25,157,164,173,189,196,203,207,210,214
65991,14,164,173,189,203,207,210,214
65992,129,164,173,196,203,207,214,244
65993,129,164,173,196,203,207,214,244
65994,129,157,164,173,189,196,203,207,214
65995,5,8,14,34,38,164,173,189,196,203,207,214
65996,5,8,14,25,34,38,157,164,173,189,196,203,207,214
65997,5,8,14,25,118,129,138,164,173,189,196,203,207,210,214,244
65998,34,38,86,129,153,164,173,203,205,207,214,244
65999,5,7,8,9,14,25,34,138,153,157,164,173,189,196,203,205,207,214,244
66000,5,7,8,9,14,25,34,38,157,164,173,189,196,203,205,207,210,214
66001,14,34,157,164,173,189,203,207,214,244
66002,5,7,8,9,25,34,38,86,118,129,157,164,173,189,203,207,214
66003,5,7,9,25,34,38,118,157,164,173,189,203,207,214
66004,5,25,34,86,118,129,138,164,173,189,203,205,207,214,244
66005,14,38,129,138,164,173,189,203,207,214,244
66006,14,34,38,129,164,173,189,203,207,210,214
66007,34,38,129,164,173,189,196,203,207,214
66008,14,38,129,157,164,173,189,203,207,210,214
66009,34,38,157,164,173,189,196,203,207,210,214
66010,38,86,129,138,164,173,196,203,207,214,244
66011,5,7,8,9,14,25,34,86,118,129,138,157,164,173,189,196,203,207,210,214,244
66012,7,8,9,34,38,86,153,157,164,173,189,203,205,207,214
66013,5,7,8,9,25,34,118,129,138,157,164,173,189,196,203,207,214,244
66014,8,34,86,138,164,173,189,196,203,205,207,214,244
66015,86,129,138,164,173,189,203,207,214,244
66016,7,8,9,86,118,129,138,164,173,189,203,207,214,244
66017,7,8,9,38,86,118,129,138,164,173,189,203,207,214,244
66018,7,8,9,38,86,118,129,138,153,164,173,189,203,207,214,244
66019,34,86,129,157,164,173,189,203,207,210,214,244
66020,34,86,129,157,164,173,189,196,203,207,210,214,244
66021,34,153,157,164,173,189,203,207,214
66022,5,7,8,9,25,34,38,86,157,164,173,189,196,203,207,214,244
66023,34,86,129,138,164,173,189,196,203,207,210,214,244
66024,34,86,129,138,164,173,189,196,203,207,210,214,244
66025,129,164,173,189,196,203,207,214,244
66026,129,164,173,189,196,203,207,214,244
66027,14,86,129,138,157,164,173,189,196,203,207,214,244
66028,14,38,129,164,173,189,203,207,214,244
66029,14,34,38,86,129,138,157,164,173,189,196,203,207,210,214,244
66030,5,7,9,25,86,129,164,173,203,207,214,244
66031,14,38,129,164,173,203,207,214
66032,14,38,129,164,173,203,207,214
66033,14,34,38,129,164,173,203,207,214
66034,7,34,38,164,173,189,203,207,214
66035,7,9,34,38,157,164,173,189,203,207,214
66036,7,9,34,38,157,164,173,189,203,207,214
66037,14,129,164,173,196,203,207,214
66038,14,129,164,173,196,203,207,214
66039,14,34,129,164,173,196,203,207,214
66040,14,164,173,207,214
66041,7,8,9,14,86,138,164,173,207,214,244
66042,86,164,173,203,207,214
66043,86,164,173,203,207,214
66044,86,164,173,203,207,214
66045,86,129,138,164,173,203,207,214,244
66046,86,129,138,164,173,203,207,214,244
66047,164,173,207,214
66048,157,164,173,207,214
66049,7,164,173,207,214
66050,7,157,164,173,207,214
66051,8,164,173,196,207,214
66052,8,157,164,173,196,207,214
66053,86,129,138,157,164,173,203,207,214,244
66054,86,129,138,157,164,173,203,207,214,244
66055,129,164,173,203,207,214
66056,129,164,173,203,207,214
66057,129,164,173,203,207,214,244
66058,34,38,86,129,164,173,203,207,214
66059,34,38,86,129,164,173,203,207,214
66060,153,157,164,173,203,207,214
66061,153,157,164,173,203,207,214
66062,153,157,164,173,203,207,214
66063,86,129,138,164,173,203,207,214,244
66064,86,129,138,164,173,203,207,214,244
66065,14,38,157,164,173,189,203,207,214
66066,14,34,38,157,164,173,189,203,207,214
66067,5,7,8,9,25,34,86,138,164,173,196,203,207,214,244
66068,5,7,8,9,25,38,157,164,173,203,207,214
66069,5,7,8,9,25,38,157,164,173,203,207,214
66070,5,7,8,9,25,34,38,157,164,173,203,207,214
66071,164,173,196,203,207,214
66072,164,173,196,203,207,214
66073,5,8,25,157,164,173,196,203,207,214
66074,5,7,8,9,25,34,157,164,173,203,207,214
66075,5,7,8,9,25,157,164,173,203,207,214
66076,138,164,173,203,207,214
66077,138,164,173,203,207,214
66078,14,138,164,173,203,207,214
66079,164,173,203,207,214
66080,164,173,203,207,214
66081,14,157,164,173,203,207,214
66082,129,138,164,173,203,207,214
66083,129,138,164,173,203,207,214
66084,138,164,173,203,207,214
66085,14,138,164,173,203,207,214,244
66086,38,129,164,173,196,203,207,214
66087,34,38,157,164,173,189,203,207,214
66088,5,25,34,38,157,164,173,189,203,207,214
66089,5,25,34,38,157,164,173,189,203,207,214
66090,5,7,25,157,164,173,203,207,214
66091,5,7,25,34,157,164,173,203,207,214
66092,164,173,203,207,214
66093,14,157,164,173,203,207,214
66094,14,157,164,173,203,207,214
66095,5,7,8,9,25,38,157,164,173,203,207,214
66096,5,7,8,9,14,25,34,38,118,157,164,173,203,207,214
66097,86,129,138,164,173,196,203,207,214,244
66098,138,164,173,203,207,214,244
66099,138,164,173,203,207,214,244
66100,34,157,164,173,196,203,207,214
66101,34,157,164,173,196,203,207,214
66102,129,157,164,173,203,207,214
66103,129,157,164,173,203,207,214
66104,153,164,173,203,207,214
66105,34,153,164,173,203,207,214
66106,14,129,164,173,203,207,214,244
66107,5,14,25,34,129,164,173,203,207,214,244
66108,86,129,164,173,189,203,207,214
66109,38,86,129,164,173,189,203,207,214
66110,86,129,138,157,164,173,203,207,214,244
66111,86,118,129,138,157,164,173,203,207,214,244
66112,34,86,118,129,138,157,164,173,203,207,214,244
66113,86,129,138,153,157,164,173,203,207,214,244
66114,86,129,138,153,157,164,173,203,207,214,244
66115,5,7,8,9,34,86,129,138,153,157,164,173,203,207,214,244
66116,38,129,164,173,196,203,207,214
66117,38,129,164,173,196,203,207,214
66118,153,164,173,196,203,207,214
66119,153,164,173,196,203,207,214
66120,153,164,173,196,203,207,214
66121,34,38,86,164,173,203,207,214
66122,14,34,38,86,164,173,203,207,214
66123,86,129,164,173,203,207,214
66124,14,164,173,203,207,214
66125,14,164,173,203,207,214
66126,34,164,173,203,207,214
66127,34,164,173,203,207,214
66128,138,164,173,196,203,207,214,244
66129,138,164,173,196,203,207,214,244
66130,34,164,173,196,203,207,214,244
66131,86,129,164,173,203,207,214
66132,86,129,164,173,203,207,214
66133,86,153,164,173,203,207,214
66134,14,86,153,164,173,203,207,214
66135,86,164,173,203,207,214
66136,86,164,173,203,207,214
66137,86,164,173,203,207,214
66138,86
66139,34,86,164,173,203,207,214
66140,7,9,34,86,129,157,164,173,203,207,214
66141,86,138,157,164,173,203,207,214,244
66142,86,138,157,164,173,203,207,214,244
66143,138,164,173,203,207,214,244
66144,138,164,173,203,207,214,244
66145,138,164,173,203,207,214,244
66146,14,38,129,164,173,203,207,214
66147,14,38,129,164,173,203,207,214
66148,14,34,38,129,157,164,173,203,207,214
66149,5,8,25,34,157,164,173,189,196,203,207,214
66150,5,8,14,25,34,38,157,164,173,189,196,203,207,214
66151,34,153,164,173,196,203,207,214
66152,34,164,173,203,207,214
66153,34,129,164,173,203,207,214
66154,86,157,164,173,203,207,214
66155,5,14,25,129,157,164,173,203,207,214,244
66156,5,14,25,38,129,157,164,173,203,207,214,244
66157,5,7,9,34,157,164,173,203,207,214
66158,5,7,8,9,25,34,38,157,164,173,189,196,203,207,214,244
66159,5,7,8,9,25,34,38,157,164,173,189,196,203,207,214,244
66160,14,86,164,173,203,207,214
66161,14,86,164,173,203,207,214
66162,14,34,157,164,173,203,207,214
66163,34,38,129,157,164,173,203,207,214
66164,34,38,129,157,164,173,203,207,214
66165,38,129,164,173,203,207,214,244
66166,38,129,164,173,203,207,214,244
66167,7,9,34,164,173,203,207,214
66168,86,157,164,173,203,207,214
66169,34,86,164,173,203,207,214,244
66170,34,86,164,173,203,207,214,244
66171,34,86,157,164,173,203,207,214,244
66172,34,38,164,173,203,207,214
66173,34,38,164,173,203,207,214
66174,14,34,38,86,129,164,173,203,207,214,244
66175,14,34,38,129,157,164,173,203,207,214,244
66176,14,34,38,129,164,173,203,207,214,244
66177,34,118,164,173,196,203,207,214
66178,9,34,86,164,173,203,207,214
66179,34,38,129,157,164,173,203,207,214
66180,9,34,38,86,129,157,164,173,203,207,214
66181,14,34,153,157,164,173,189,203,207,214
66182,34,129,157,164,173,196,203,207,214
66183,14,38,129,164,173,196,203,207,214,244
66184,7,8,9,14,86,118,129,138,164,173,203,207,214,244
66185,86,129,153,164,173,203,207,214
66186,9,14,34,129,157,164,173,203,207,214
66187,9,14,34,129,157,164,173,203,207,214
66188,9,14,34,38,129,157,164,173,189,203,207,214
66189,129,138,164,173,189,203,207,214,244
66190,7,9,129,138,164,173,189,203,207,214,244
66191,7,9,118,129,138,164,173,189,203,207,214,244
66192,129,157,164,173,189,196,203,207,214
66193,8,14,129,157,164,173,189,196,203,207,214
66194,8,14,129,157,164,173,189,196,203,207,214
66195,14,157,164,173,203,207,214
66196,5,7,8,9,14,25,34,157,164,173,203,207,214
66197,14,38,129,164,173,203,207,214
66198,14,38,129,164,173,203,207,214
66199,14,38,129,164,173,203,207,214
66202,129,138,164,173,203,207,214,244
66203,34,38,129,164,173,189,203,207,214
66204,34,38,129,164,173,189,203,207,214
66205,129,164,173,203,207,214
66206,118,129,164,173,203,207,214
66207,118,129,164,173,203,207,214
66208,34,38,157,164,173,189,203,207,214
66209,34,38,157,164,173,189,203,207,214
66210,5,7,8,9,14,25,34,157,164,173,203,207,214
66211,5,7,8,9,14,25,34,157,164,173,203,207,214
66212,86,164,173,207,214
66213,86,129,138,164,173,203,207,214,244
66214,86,129,138,164,173,203,207,214,244
66215,14,157,164,173,203,207,214
66216,14,157,164,173,203,207,214
66217,14,157,164,173,203,207,214
66218,138,164,173,203,207,214,244
66219,118,138,164,173,203,207,214,244
66220,138,164,173,203,207,214,244
66221,118,138,164,173,203,207,214,244
66222,129,157,164,173,203,207,214,244
66223,129,157,164,173,203,207,214,244
66224,14,157,164,173,196,203,207,214
66225,14,157,164,173,196,203,207,214
66226,164,173,189,196,203,207,214
66227,164,173,189,196,203,207,214
66228,14,157,164,173,189,196,203,207,214
66229,14,34,157,164,173,189,196,203,207,214
66230,86,129,157,164,173,203,207,214,244
66231,5,7,9,25,86,129,157,164,173,203,207,214,244
66232,34,157,164,173,203,207,214
66233,34,157,164,173,203,207,214
66234,34,86,138,157,164,173,196,203,207,214,244
66235,34,86,138,157,164,173,196,203,207,214,244
66236,34,38,129,164,173,189,203,207,214,244
66237,5,7,9,14,25,34,129,157,164,173,203,207,214
66238,9,86,129,164,173,203,207,214
66239,34,38,153,157,164,173,203,207,214,244
66240,34,157,164,173,203,207,214
66241,34,157,164,173,203,207,214
66242,5,7,9,25,34,157,164,173,203,207,214
66243,86,129,164,173,203,207,214,244
66244,138,157,164,173,203,207,214,244
66245,138,157,164,173,203,207,214,244
66246,138,153,157,164,173,203,207,214
66247,138,153,157,164,173,203,207,214
66248,34,38,157,164,173,196,203,207,214
66249,34,38,157,164,173,196,203,207,214
66250,129,138,164,173,203,207,214
66251,34,38,129,138,164,173,203,207,214
66252,34,86,129,157,164,173,203,207,214,244
66253,34,129,138,157,164,173,203,207,214
66254,34,129,157,164,173,203,207,214
66255,34,118,129,153,157,164,173,203,207,214,244
66256,7,8,9,86,129,138,164,173,203,207,214,244
66257,34,38,153,157,164,173,203,207,214
66258,14,129,164,173,203,207,214
66259,14,129,164,173,203,207,214
66260,14,129,164,173,203,207,214
66261,14,34,38,164,173,203,207,214
66262,14,34,38,164,173,203,207,214
66263,5,7,9,14,25,34,38,164,173,203,207,214
66264,129,164,173,196,203,207,214
66265,34,129,164,173,196,203,207,214
66266,34,129,164,173,196,203,207,214,244
66267,14,164,173,203,207,214
66268,14,129,164,173,203,207,214
66269,14,129,164,173,203,207,214,244
66270,38,164,173,189,203,207,214
66271,7,8,9,34,38,164,173,189,203,207,214
66272,86,164,173,189,203,207,214
66273,86,164,173,189,203,207,214
66274,86,129,164,173,189,203,207,214
66275,8,9,34,129,157,164,173,189,203,207,214
66276,8,9,34,129,157,164,173,189,196,203,207,214
66277,14,129,164,173,196,203,207,214,244
66278,129,138,164,173,203,207,214,244
66279,129,138,164,173,203,207,214,244
66280,14,34,38,157,164,173,189,203,207,214
66281,14,34,38,129,157,164,173,189,203,207,214
66282,164,173,203,207,214
66283,164,173,196,203,207,214
66284,34,164,173,196,203,207,214
66285,25,34,38,157,164,173,189,203,207,214
66286,25,34,38,157,164,173,189,203,207,214
66287,164,173,196,203,207,214
66288,34,164,173,196,203,207,214
66289,14,164,173,203,207,214
66290,14,164,173,203,207,214
66291,86,138,164,173,203,207,214
66292,86,138,164,173,203,207,214
66293,86,129,164,173,189,203,207,214
66294,34,86,129,164,173,189,203,207,214
66295,5,8,9,14,25,157,164,173,203,207,214
66296,5,8,9,14,25,34,157,164,173,203,207,214
66297,129,164,173,203,207,214
66298,129,164,173,203,207,214
66299,25,129,164,173,203,207,214
66300,129,164,173,203,207,214,244
66301,5,25,34,129,138,157,164,173,203,207,214,244
66302,5,25,34,38,157,164,173,203,207,214
66303,129,164,173,203,207,214
66304,14,129,157,164,173,196,203,207,214,244
66305,157,164,173,189,203,207,214
66306,34,157,164,173,189,203,207,214
66307,164,203,207,214,244
66308,14,86,129,157,164,173,196,203,207,214
66309,14,86,129,153,157,164,173,196,203,207,214
66310,38,129,153,157,164,173,203,207,214,244
66311,14,34,38,157,164,173,203,207,214,244
66312,5,25,34,153,164,173,203,207,214
66313,86,129,164,173,203,207,214
66314,14,86,138,164,173,203,207,214,244
66315,14,138,164,173,196,203,207,214
66316,86,129,157,164,173,196,203,214,244
66317,14,157,164,173,203,207,214
66318,14,34,157,164,173,203,207,214
66319,5,14,25,34,38,157,164,173,203,207,214
66320,5,7,8,9,14,25,34,38,157,164,173,203,207,214
66321,9,86,129,164,173,203,207,214,244
66322,164,173,203,207,214,244
66323,5,14,157,164,173,203,207,214,244
66324,8,164,173,196,203,207,214,244
66327,34,38,86,129,157,164,173,203,207,214,244
66328,86,129,138,164,173,196,203,207,214,244
66329,34,86,157,164,173,203,207,214
66330,5,8,9,34,157,164,173,203,207,214
66331,129,164,173,196,203,207,214
66332,9,86,164,173,203,207,214
66333,34,153,157,164,173,203,207,214
66334,14,164,173,203,207,214
66335,5,25,34,157,164,173,203,214
66336,14,34,86,129,157,164,173,203,207,214
66337,34,86,129,153,164,173,203,207,214
66338,5,7,8,9,25,129,157,164,173,203,207,214,244
66339,164,173,203,214
66340,129,164,173,203,214
66341,25,34,157,164,173,203,214
66342,7,153,164,173,203,207,214
66343,5,7,9,25,86,129,164,173,203,214
66344,86,164,173,203,214
66345,5,8,9,25,34,86,157,164,173,203,214
66346,5,14,25,34,129,164,173,203,214
66347,5,14,25,34,38,129,164,173,203,214
66348,5,14,25,34,38,129,164,173,203,214
66349,25,38,129,164,173,203,214
66350,14,25,38,129,164,173,203,214
66351,7,14,25,38,129,164,173,189,203,214
66352,129,164,173,203,214
66353,129,164,173,203,214
66354,14,118,129,164,173,196,203,214,244
66355,34,38,164,173,189,203,214
66356,14,34,38,164,173,189,203,214
66357,129,164,173,203,214
66358,129,164,173,203,214
66359,34,38,129,164,173,203,214
66361,164,173,203,214
66362,164,173,203,214
66363,129,164,173,203,214
66364,129,164,173,203,214
66365,164,173,203,214
66366,164,173,203,214
66367,86,164,173,203,214
66368,14,25,34,86,164,173,203,214
66369,34,164,173,203,214
66370,14,34,38,157,164,173,203,214
66371,86,129,164,173,203,214
66372,86,129,164,173,203,214
66373,34,157,164,173,189,203,214
66374,34,157,164,173,189,203,214
66375,5,7,25,34,157,164,173,189,203,214
66377,164,173,203,214
66378,34,164,173,203,214
66379,34,157,164,173,189,203,214
66380,34,157,164,173,189,203,214
66381,164,173,196,203,214
66382,38,129,164,173,203,214
66383,38,129,164,173,203,214
66384,164,173,203,214
66385,5,7,9,25,86,118,129,164,173,203,214
66386,164,173,203,214
66387,164,173,203,214
66388,5,8,34,164,173,203,214
66389,5,8,34,164,173,203,214
66390,118,164,173,203,214
66391,118,164,173,203,214
66392,86,118,129,164,173,203,214,244
66393,86,118,129,164,173,203,214,244
66394,14,86,118,129,164,173,203,214,244
66395,5,25,86,118,164,173,203,214
66396,5,25,86,118,164,173,203,214
66397,5,7,8,9,25,34,86,118,164,173,203,214
66398,5,7,8,9,25,34,86,129,164,173,196,203,214
66399,14,34,38,118,164,173,203,214
66400,34,157,164,173,196,203,214
66401,14,34,164,173,203,214
66402,5,8,25,34,86,118,164,173,196,203,214
66403,157,164,173,203,214
66404,164,173,203,214
66405,118,164,173,203,214,244
66406,14,34,157,164,173,203,214,244
66407,34,86,129,164,173,203,214
66408,164,173,196,203,214
66409,129,164,173,196,203,214
66410,25,34,157,164,173,203,214,244
66411,8,34,38,164,173,196,203,214
66412,34,118,129,164,173,203,214,244
66413,9,38,86,129,164,173,203,214
66414,25,34,38,157,164,173,203,214
66415,25,34,38,157,164,173,203,214
66416,5,9,25,34,86,157,164,173,203,214
66417,5,9,25,34,86,157,164,173,196,203,214
66418,25,34,157,164,173,203,214
66419,34,157,164,173,196,203,214
66420,14,34,38,86,157,164,173,203,214
66421,86,129,164,173,203,214
66422,38,86,129,164,173,203,214
66423,34,38,86,129,164,173,203,214
66424,14,34,129,164,173,203,214
66425,34,129,164,173,203,214
66426,34,164,173,203,214
66427,5,7,8,9,14,25,34,38,164,173,203,214
66428,5,7,8,9,14,25,34,38,129,157,164,173,203,214
66429,5,14,25,34,38,129,157,164,173,203,214
66430,34,86,129,164,173,203,214
66431,34,129,164,173,203,214
66432,14,34,38,164,173,196,203,214
66433,34,38,129,164,173,203,214
66434,118,129,164,173,203,214,244
66435,34,38,86,129,164,203,214,244
66436,14,38,129,157,164,203,214
66437,7,8,9,14,34,38,118,129,157,164,203,214
66438,38,129,164,196,203,214
66439,7,14,129,157,164,203,214
66440,14,38,129,164,196,203,214
66441,34,164,203,214,244
66442,14,34,38,102,111,164,173,189,203,207,210,214
66443,5,7,9,14,25,34,38,68,69,102,111,129,157,164,173,189,203,207,210,214,223
66444,5,7,9,14,25,34,38,68,69,102,111,129,157,164,173,189,203,207,210,214,223
66445,5,8,25,34,38,68,69,102,111,157,164,173,189,196,203,205,207,214,223
66446,14,38,102,129,164,173,203,207,210,214
66447,38,102,129,164,173,189,203,207,214
66448,5,7,8,9,25,34,38,68,69,86,102,118,129,138,164,173,203,207,214,223,244
66449,5,8,25,34,38,68,69,86,102,118,129,138,164,173,189,196,203,207,210,214,223,244
66450,5,7,8,9,25,34,38,68,69,86,102,118,138,153,164,173,196,203,207,214,223,244
66451,5,7,8,9,25,34,38,68,69,102,157,164,173,189,196,203,207,210,214,223
66452,14,34,38,69,102,157,164,173,203,207,210,214
66453,34,38,86,102,164,173,196,203,207,214
66454,38,102,129,157,164,173,203,207,214
66455,5,7,8,9,25,34,38,68,69,86,102,118,129,138,157,164,173,189,196,203,207,214,223,244
66456,5,7,8,9,25,34,38,68,69,86,102,118,129,138,157,164,173,189,196,203,207,214,223,244
66457,5,7,8,9,25,34,38,68,69,86,102,111,129,164,173,203,207,214,223
66458,34,38,102,111,153,157,164,173,189,203,205,207,214,244
66459,14,38,68,102,129,164,173,203,207,210,214
66460,14,34,38,68,69,102,157,164,173,203,207,210,214
66461,34,38,68,102,129,138,164,173,189,203,207,214
66462,5,7,8,9,25,34,38,68,69,86,102,157,164,173,189,196,203,207,210,214,223
66463,5,9,14,25,34,38,68,69,102,129,157,164,173,189,203,207,210,214,223
66464,5,7,9,14,25,34,38,68,69,102,129,157,164,173,189,203,207,210,214,223
66465,5,8,25,34,38,68,69,102,111,157,164,173,189,196,203,205,207,214,223
66466,5,7,8,9,25,34,38,86,102,111,118,129,138,164,173,189,196,203,207,214,244
66467,5,7,8,9,25,34,38,68,69,86,102,118,138,164,173,189,196,203,207,210,214,223,244
66468,5,8,9,14,25,34,38,68,69,102,157,164,173,189,196,203,207,214,223,244
66469,5,7,8,9,25,34,38,68,69,86,102,111,157,164,173,189,196,203,205,207,210,214,223
66470,5,7,8,9,25,34,38,68,69,102,118,129,138,157,164,173,189,203,207,214,223,244
66471,34,38,86,102,129,164,173,189,203,207,214
66472,38,102,129,164,173,189,196,203,207,210,214
66473,34,38,102,111,153,157,164,173,189,203,205,207,214
66474,34,38,102,129,138,164,173,189,203,207,214,244
66475,14,34,38,86,102,118,138,164,173,189,196,203,207,214,244
66476,14,34,38,68,86,102,129,138,157,164,173,189,196,203,207,210,214,244
66477,34,38,102,111,153,164,173,196,203,205,207,214
66478,34,38,102,111,129,157,164,173,189,203,205,207,210,214
66479,8,9,34,38,102,111,129,153,157,164,173,189,196,203,205,207,210,214,223,244
66480,34,38,86,102,129,138,164,173,189,196,203,207,210,214,244
66481,34,38,86,102,129,138,164,173,189,196,203,207,210,214,244
66482,5,7,8,9,25,86,129,164,173,189,203,207,210,214
66483,14,34,38,129,157,164,173,189,203,207,210,214
66484,5,8,9,14,25,34,118,129,157,164,173,189,203,207,210,214,244
66485,5,8,14,25,34,38,157,164,173,189,196,203,207,214
66486,5,7,8,9,14,25,34,86,118,129,138,157,164,173,189,196,203,207,210,214,244
66487,5,7,8,9,25,34,86,138,164,173,196,203,207,214,244
66488,34,118,129,153,157,164,173,203,207,214,244
66489,14,34,38,86,102,129,157,164,173,189,196,203,207,210,214,244
66490,34,38,86,102,111,129,157,164,173,189,196,203,207,214,244
66491,5,7,9,14,25,34,38,68,69,86,102,111,129,157,164,173,189,203,205,207,210,214,223,244
66492,164,173,196,207,214
66493,14,164,173,196,207,214
66494,5,9,25,34,69,86,129,164,173,203,207,214
66495,8,14,34,38,69,129,157,164,173,196,203,207,214
66496,8,14,34,38,69,129,157,164,173,196,203,207,214
66497,34,38,129,164,173,196,203,207,214,244
66498,34,38,129,138,164,173,196,203,207,214,244
66499,14,34,157,164,173,189,203,207,214
66500,14,34,38,157,164,173,189,203,207,214
66501,34,38,86,129,138,164,173,196,203,207,214,244
66502,34,38,86,129,138,164,173,196,203,207,214,244
66503,7,9,34,38,69,86,153,157,164,173,189,203,207,214
66504,7,9,34,38,69,86,118,153,157,164,173,189,203,207,214
66505,7,9,34,38,69,86,118,153,157,164,173,189,203,207,214
66506,7,8,9,34,118,129,153,157,164,173,189,203,207,214
66507,7,8,9,34,118,129,153,157,164,173,189,203,207,214
66508,14,34,38,138,153,164,173,203,207,214,244
66509,5,7,9,14,25,34,69,129,138,157,164,173,196,203,207,214
66510,14,34,38,118,164,173,203,214
66511,34,129,164,173,203,214
66512,14,34,129,164,173,203,214
66513,34,86,129,164,173,196,203,214,244
66514,5,8,25,34,38,86,118,129,164,173,196,203,214,244
66515,14,34,164,173,203,214
66516,34,38,164,173,203,214
66517,5,8,25,34,86,118,164,173,196,203,214
66518,129,164,173,203,214
66519,25,38,129,164,173,203,214
66520,129,164,173,203,214
66521,5,7,8,9,25,34,86,118,129,164,173,196,203,214,244
66522,34,157,164,173,196,203,214
66523,34,86,129,164,173,196,203,214
66524,34,86,129,164,173,196,203,214
66525,5,7,8,25,157,164,173,203,214
66526,5,7,8,25,34,157,164,173,203,214
66527,157,164,173,203,214
66528,86,157,164,173,203,214
66529,34,38,129,157,164,203,214
66530,34,38,129,157,164,203,214
66531,38,86,129,164,203,214
66532,38,86,129,164,203,214
66533,7,9,34,38,129,157,164,203,214
66534,14,38,129,164,196,203,214
66535,14,129,164,203,214
66536,14,34,129,164,196,203,214
66537,14,118,164,203,214,244
66538,129,164,196,203,214,244
66539,14,34,129,164,196,203,214,244
66540,34,38,129,157,164,196,203,214,244
66541,34,157,164,203,214
66542,7,9,34,157,164,203,214
66543,34,38,157,164,196,203,214
66544,14,129,164,203,214
66545,5,9,25,34,38,68,69,86,102,111,129,164,173,189,203,205,207,214,223
66546,5,9,25,34,38,68,69,86,102,111,129,164,173,189,203,205,207,214,223
66547,5,9,25,34,38,68,69,86,102,111,129,164,173,189,203,205,207,214,223
66548,5,9,25,34,38,68,69,86,102,111,129,164,173,189,203,205,207,214,223
66549,5,9,25,34,38,68,69,86,102,111,129,164,173,189,203,205,207,214,223
66550,5,9,25,34,38,68,69,86,102,111,129,164,173,189,203,205,207,214,223
66551,5,9,25,34,38,68,69,86,102,111,129,164,173,189,203,205,207,214,223
66552,5,9,25,34,38,68,69,86,102,111,129,164,173,189,203,205,207,214,223
66553,5,9,25,34,38,68,69,86,102,111,129,164,173,189,203,205,207,214,223
66554,5,9,25,34,38,68,69,86,102,111,129,164,173,189,203,205,207,214,223
66555,5,9,25,34,38,68,69,86,102,111,129,164,173,189,203,205,207,214,223
66556,5,9,25,34,38,68,69,86,102,111,129,164,173,189,203,205,207,214,223
66557,5,9,25,34,38,68,69,86,102,111,129,164,173,189,203,205,207,214,223
66558,5,9,25,34,38,68,69,86,102,111,129,164,173,189,203,205,207,214,223
66559,5,9,25,34,38,68,69,86,102,111,129,164,173,189,203,205,207,214
66587,34,38,86,102,111,129,164,173,196,203,207,214,244
66588,34,38,86,102,111,129,164,173,196,203,207,214,244
66589,34,38,86,102,111,129,164,173,196,203,207,214,244
66590,5,7,8,9,25,34,38,68,69,86,102,129,138,157,164,173,189,196,203,207,214,244
66591,5,7,8,9,25,34,38,68,69,86,102,129,138,157,164,173,189,196,203,207,214,244
66592,5,7,8,9,25,34,38,68,69,86,102,129,138,157,164,173,189,196,203,207,214,223,244
66593,173
66594,173
66595,138,164,173,189,203,205,207,214,244
66596,138,164,173,203,207,214,244
66597,14,164,173,203,205,207,214
66598,34,157,164,173,189,196,203,207,214
66599,34,157,164,173,189,196,203,207,214
66600,86,129,138,164,173,189,203,207,214,244
66601,86,129,138,164,173,189,203,207,214,244
66602,86,129,138,164,173,189,203,207,214,244
66603,86,129,138,164,173,189,203,207,214,244
66604,86,129,138,164,173,189,203,207,214,244
66605,34,86,129,157,164,173,189,203,207,210,214,244
66606,34,86,129,157,164,173,189,196,203,207,210,214,244
66607,34,86,129,138,164,173,189,196,203,207,210,214,244
66608,14,38,129,164,173,189,203,207,214,244
66609,14,34,38,86,129,138,157,164,173,189,196,203,207,210,214,244
66610,14,34,38,86,129,138,157,164,173,189,196,203,207,210,214,244
66611,14,34,38,86,129,138,157,164,173,189,196,203,207,210,214,244
66612,14,34,38,86,129,138,157,164,173,189,196,203,207,210,214,244
66613,14,34,38,86,129,138,157,164,173,189,196,203,207,210,214,244
66614,14,34,38,86,129,138,157,164,173,189,196,203,207,210,214,244
66615,14,34,38,86,129,138,157,164,173,189,196,203,207,210,214,244
66616,14,34,38,86,129,138,157,164,173,189,196,203,207,210,214,244
66617,14,34,38,86,129,138,157,164,173,189,196,203,207,210,214,244
66618,14,34,38,86,129,138,157,164,173,189,196,203,207,210,214,244
66619,14,34,38,86,129,138,157,164,173,189,196,203,207,210,214,244
66620,14,34,38,86,129,138,157,164,173,189,196,203,207,210,214,244
66621,14,34,38,86,129,138,157,164,173,189,196,203,207,210,214,244
66622,14,34,38,86,129,138,157,164,173,189,196,203,207,210,214,244
66623,14,34,38,86,129,138,157,164,173,189,196,203,207,210,214,244
66624,14,34,38,86,129,138,157,164,173,189,196,203,207,210,214,244
66625,14,34,38,86,129,138,157,164,173,189,196,203,207,210,214,244
66626,38,129,164,173,196,203,207,214
66627,38,129,164,196,203,214
66628,5,7,25,34,157,164,173,203,207,214
66629,5,7,8,25,34,157,164,173,203,214
66630,34,38,86,164,173,203,207,214
66631,34,38,86,164,173,203,207,214
66632,34,38,86,164,173,203,207,214
66633,14,34,38,86,164,173,203,207,214
66634,14,34,38,86,164,173,203,207,214
66635,14,34,38,86,164,173,203,207,214
66636,34,118,164,173,196,203,207,214
66637,9,34,86,164,173,203,207,214
66638,14,34,153,157,164,173,189,203,207,214
66639,34,164,203,214,244
66640,34,129,157,164,173,196,203,207,214
66641,34,129,157,164,173,196,203,207,214
66642,14,38,129,164,173,196,203,207,214,244
66643,7,8,9,14,86,118,129,138,164,173,203,207,214,244
66644,86,129,153,164,173,203,207,214
66645,86,129,153,164,173,203,207,214
66646,86,129,153,164,173,203,207,214
66647,86,129,153,164,173,203,207,214
66648,8,14,129,157,164,173,189,196,203,207,214
66649,8,14,129,157,164,173,189,196,203,207,214
66650,129,138,164,173,203,207,214,244
66651,129,138,164,173,203,207,214,244
66652,129,138,164,173,203,207,214,244
66653,129,138,164,173,203,207,214,244
66654,129,138,164,173,203,207,214,244
66655,129,138,164,173,203,207,214,244
66656,129,138,164,173,203,207,214,244
66657,129,138,164,173,203,207,214,244
66658,129,138,164,173,203,207,214,244
66659,129,138,164,173,203,207,214,244
66660,129,138,164,173,203,207,214,244
66661,129,138,164,173,203,207,214,244
66662,129,138,164,173,203,207,214,244
66663,129,138,164,173,203,207,214,244
66664,129,138,164,173,203,207,214,244
66665,129,138,164,173,203,207,214,244
66666,129,138,164,173,203,207,214,244
66667,129,138,164,173,203,207,214,244
66668,129,138,164,173,203,207,214,244
66669,129,164,173,203,207,214
66670,129,164,173,203,207,214
66671,129,164,173,203,207,214
66672,129,164,173,203,207,214
66673,118,129,164,173,203,207,214
66674,118,129,164,173,203,207,214
66675,118,129,164,173,203,207,214
66676,118,129,164,173,203,207,214
66677,118,129,164,173,203,207,214
66678,118,129,164,173,203,207,214
66679,118,129,164,173,203,207,214
66680,118,129,164,173,203,207,214
66681,118,129,164,173,203,207,214
66682,86,164,173,207,214
66683,86,164,173,207,214
66684,86,164,173,207,214
66685,86,164,173,207,214
66686,86,164,173,207,214
66687,86,164,173,207,214
66688,86,164,173,207,214
66689,86,164,173,207,214
66690,86,164,173,207,214
66691,86,129,138,164,173,203,207,214,244
66692,14,157,164,173,203,207,214
66693,138,153,157,164,173,203,207,214
66694,138,153,157,164,173,203,207,214
66695,138,153,157,164,173,203,207,214
66696,138,153,157,164,173,203,207,214
66697,138,153,157,164,173,203,207,214
66698,138,153,157,164,173,203,207,214
66699,34,86,129,157,164,173,203,207,214,244
66700,34,129,157,164,173,203,207,214
66701,34,129,157,164,173,203,207,214
66702,34,129,157,164,173,203,207,214
66703,34,129,157,164,173,203,207,214
66704,7,8,9,86,129,138,164,173,203,207,214,244
66705,14,129,164,173,196,203,207,214,244
66706,14,129,164,173,196,203,207,214,244
66707,14,129,164,173,196,203,207,214,244
66708,14,34,38,157,164,173,189,203,207,214
66709,5,7,9,14,25,34,38,157,164,173,189,203,207,214
66710,14,34,38,157,164,173,189,203,207,214
66711,164,173,203,207,214
66712,14,86,129,153,157,164,173,196,203,207,214
66713,14,86,129,153,157,164,173,196,203,207,214
66714,14,86,129,153,157,164,173,196,203,207,214
66715,14,86,129,153,157,164,173,196,203,207,214
66716,14,86,129,153,157,164,173,196,203,207,214
66717,14,86,129,153,157,164,173,196,203,207,214
66718,14,86,129,153,157,164,173,196,203,207,214
66719,14,86,129,153,157,164,173,196,203,207,214
66720,14,86,129,153,157,164,173,196,203,207,214
66721,14,86,129,153,157,164,173,196,203,207,214
66722,14,86,129,153,157,164,173,196,203,207,214
66723,14,86,129,153,157,164,173,196,203,207,214
66724,14,86,129,153,157,164,173,196,203,207,214
66725,14,86,129,153,157,164,173,196,203,207,214
66726,14,86,129,153,157,164,173,196,203,207,214
66727,14,86,129,153,157,164,173,196,203,207,214
66728,14,86,129,153,157,164,173,196,203,207,214
66729,38,129,153,157,164,173,203,207,214,244
66730,38,129,153,157,164,173,203,207,214,244
66731,38,129,153,157,164,173,203,207,214,244
66732,38,129,153,157,164,173,203,207,214,244
66733,38,129,153,157,164,173,203,207,214,244
66734,38,129,153,157,164,173,203,207,214,244
66735,38,129,153,157,164,173,203,207,214,244
66736,38,129,153,157,164,173,203,207,214,244
66737,38,129,153,157,164,173,203,207,214,244
66738,38,129,153,157,164,173,203,207,214,244
66739,38,129,153,157,164,173,203,207,214,244
66740,38,129,153,157,164,173,203,207,214,244
66741,38,129,153,157,164,173,203,207,214,244
66742,14,86,138,164,173,203,207,214,244
66743,14,34,86,129,157,164,173,203,207,214
66744,14,34,86,129,157,164,173,203,207,214
66745,14,34,86,129,157,164,173,203,207,214
66746,34,86,129,153,164,173,203,207,214
66747,164,173,196,203,214
66748,164,173,196,203,214
66749,5,7,9,25,86,118,129,164,173,203,214
66750,118,164,173,203,214
66751,118,164,173,203,214
66752,118,164,173,203,214,244
66753,118,164,173,203,214,244
66754,118,164,173,203,214,244
66755,118,164,173,203,214,244
66756,118,164,173,203,214,244
66757,118,164,173,203,214,244
66758,118,164,173,203,214,244
66759,118,164,173,203,214,244
66760,8,34,38,164,173,196,203,214
66761,34,118,129,164,173,203,214,244
66762,9,38,86,129,164,173,203,214
66763,14,34,129,164,173,203,214
66764,34,129,164,173,203,214
66765,34,164,173,203,214
66766,5,7,8,9,14,25,34,38,129,157,164,173,203,214
66767,5,14,25,34,38,129,157,164,173,203,214
66768,14,34,38,118,129,164,173,196,203,214,244
66769,34,38,118,129,164,173,203,214,244
66770,38,129,164,196,203,214
66771,118,164,173,203,214,244
66772,118,164,173,203,214,244
66773,118,164,173,203,214,244
66774,118,164,173,203,214,244
66775,118,164,173,203,214,244
66776,118,164,173,203,214,244
66777,118,164,173,203,214,244
66778,118,164,173,203,214,244
66779,118,164,173,203,214,244
66780,118,164,173,203,214,244
66781,118,164,173,203,214,244
66782,118,164,173,203,214,244
66783,118,164,173,203,214,244
66784,118,164,173,203,214,244
66785,118,164,173,203,214,244
66786,118,164,173,203,214,244
66787,118,164,173,203,214,244
66788,118,164,173,203,214,244
66789,118,164,173,203,214,244
66790,118,164,173,203,214,244
66791,118,164,173,203,214,244
66792,118,164,173,203,214,244
66793,118,164,173,203,214,244
66794,118,164,173,203,214,244
66795,118,164,173,203,214,244
66796,118,164,173,203,214,244
66797,118,164,173,203,214,244
66798,118,164,173,203,214,244
66799,118,164,173,203,214,244
66800,118,164,173,203,214,244
66801,118,164,173,203,214,244
66802,118,164,173,203,214,244
66803,118,164,173,203,214,244
66804,118,164,173,203,214,244
66805,118,164,173,203,214,244
66806,118,164,173,203,214,244
66807,118,164,173,203,214,244
66808,118,164,173,203,214,244
66809,118,164,173,203,214,244
66810,118,164,173,203,214,244
66811,118,164,173,203,214,244
66812,118,164,173,203,214,244
66813,118,164,173,203,214,244
66814,118,164,173,203,214,244
66815,118,164,173,203,214,244
66816,118,164,173,203,214,244
66817,118,164,173,203,214,244
66818,118,164,173,203,214,244
66819,118,164,173,203,214,244
66820,118,164,173,203,214,244
66821,118,164,173,203,214,244
66822,118,164,173,203,214,244
66823,118,164,173,203,214,244
66824,118,164,173,203,214,244
66825,129,164,189,203,214
66826,9,129,164,189,203,214
66827,9,129,164,189,203,214,244
66828,34,164,189,203,214
66829,34,164,189,203,214
66830,34,164,189,203,214
66831,129,164,203,214,244
66832,129,164,203,214,244
66833,14,129,164,196,203,214,244
66834,34,38,164,189,203,214
66835,34,38,164,189,203,214
66836,34,38,164,189,203,214
66837,34,164,203,214
66838,34,164,203,214
66839,164,203,214
66840,14,38,164,203,214
66841,86,129,164,203,214
66842,9,86,129,164,203,214
66843,7,8,9,38,86,118,129,164,203,214
66844,38,86,129,164,189,203,214
66845,38,86,129,164,189,203,214
66846,38,86,129,164,189,203,214
66847,34,38,164,189,203,214,244
66848,34,38,164,189,203,214,244
66849,129,164,203,214
66850,129,164,203,214
66851,118,129,164,203,214,244
66852,38,164,203,214
66853,38,164,203,214
66854,38,164,203,214
66855,38,164,203,214
66856,34,157,164,203,214
66857,34,38,157,164,203,214
66858,7,8,9,34,38,157,164,203,214
66859,164,203,214
66860,164,203,214,244
66861,14,164,203,214,244
66862,86,129,164,189,203,214
66863,86,129,164,189,203,214
66864,86,129,164,203,214
66865,86,129,164,203,214
66866,34,38,164,203,214
66867,34,38,164,203,214
66868,14,38,118,164,189,203,214,244
66869,14,38,118,164,189,203,214,244
66870,164,203,214
66871,164,203,214
66872,129,164,189,203,214
66873,129,164,189,203,214
66874,14,34,157,164,189,203,214
66875,164,203,214
66876,164,203,214
66877,164,189,203,214
66878,164,189,203,214,244
66879,129,164,189,203,214
66880,34,38,129,164,189,203,214,244
66881,14,86,118,157,164,203,214
66882,14,86,118,157,164,203,214
66883,14,86,118,157,164,203,214
66884,129,164,189,203,214
66885,129,164,189,203,214
66886,157,164,196,203,214,244
66887,34,129,164,196,203,214,244
66888,8,34,129,164,196,203,214,244
66889,8,34,129,164,196,203,214,244
66890,34,38,164,203,214
66891,34,38,164,203,214
66892,34,38,164,189,203,214
66893,34,38,157,164,189,203,214
66894,157,164,203,214
66895,157,164,203,214
66896,38,164,189,203,214
66897,38,164,189,203,214
66898,14,164,203,214,244
66899,34,38,164,196,203,214
66900,8,34,38,164,196,203,214
66901,34,38,164,196,203,214
66902,34,38,157,164,203,214
66903,164,196,203,214
66904,164,196,203,214
66905,164,196,203,214
66906,7,8,9,34,38,118,129,157,164,203,214
66907,34,38,157,164,189,203,214
66908,34,38,86,129,164,203,214,244
66909,34,38,157,164,189,203,214,244
66910,34,38,157,164,189,203,214,244
66911,14,86,164,203,214
66912,34,38,157,164,189,203,214
66913,7,8,9,34,38,86,118,164,203,214,244
66914,34,38,164,203,214
66915,86,129,164,196,203,214
66916,34,38,164,203,214
66917,34,86,129,164,203,214
66918,34,38,157,164,189,214
66919,8,34,129,164,196,203,214
66920,7,8,9,14,34,38,118,157,164,203,214
66921,34,38,164,203,214
66922,129,164,203,214
66923,7,8,9,14,34,38,86,157,164,203,214
66924,14,34,164,196,203,214
66925,14,34,164,196,203,214
66926,14,34,38,164,196,203,214
66927,164,203,214
66928,164,203,214
66929,9,86,164,203,214
66930,34,164,189,203,214
66931,14,164,196,203,214
66932,34,38,157,164,189,203,214
66933,164,203,214
66934,34,38,157,164,203,214
66935,7,8,9,14,86,118,129,164,196,203,214,244
66936,14,34,38,164,189,203,214
66937,14,34,86,164,203,214
66938,34,38,157,164,203,214
66939,34,38,157,164,203,214
66940,34,38,157,164,203,214
66941,34,38,157,164,189,203,214
66942,34,38,129,164,203,214
66943,14,38,129,164,203,214
66944,34,164,203,214
66945,164,203,214,244
66946,164,203,214,244
66947,164,203,214,244
66948,164,203,214,244
66949,7,8,9,34,38,164,203,214
66950,118,129,164,189,203,214,244
66951,14,129,164,196,203,214,244
66952,14,164,203,214
66953,14,164,203,214
66954,14,164,203,214
66955,14,164,203,214
66956,14,164,203,214
66957,14,164,203,214
66958,14,164,203,214
66959,14,164,203,214
66960,7,8,9,14,34,38,129,157,164,203,214
66961,14,34,38,86,157,164,203,214
66962,34,38,164,203,214
66963,34,38,164,203,214
66964,34,38,86,164,203,214
66965,14,34,38,164,203,214
66966,14,34,38,164,203,214
66967,34,38,157,164,203,214
66968,34,38,157,164,203,214
66969,34,38,157,164,203,214
66970,164,203,214
66972,129,138,164,173,189,203,207,214,244
66973,129,138,164,173,189,203,207,214,244
67012,14,164,173,196,207,214
67013,7,8,9,34,38,164,173,189,203,207,214
67014,86,129,164,173,189,203,207,214
67015,14,164,173,203,207,214
67016,34,86,129,164,173,189,203,207,214
67017,14,86,138,164,173,203,207,214,244
67018,5,7,8,9,14,25,34,38,157,164,173,203,207,214
67019,5,7,9,14,25,34,69,129,138,157,164,173,196,203,207,214
67020,129,138,164,173,203,207,214,244
67021,34,164,173,196,203,207,214
67022,86,129,164,173,203,207,214
67023,5,9,25,34,38,68,69,86,102,111,129,164,173,189,203,205,207,214,223
67024,34,38,102,129,164,173,189,203,207,214
67025,14,34,38,102,111,164,173,189,203,207,210,214
67026,5,8,25,34,38,68,69,102,111,157,164,173,189,196,203,205,207,214,223
67027,5,7,9,14,25,34,38,68,69,102,111,129,157,164,173,189,203,207,210,214,223
67028,38,102,129,138,164,173,203,207,214,244
67029,5,9,25,34,38,68,69,86,102,111,129,164,173,189,203,205,207,214,223
67030,34,38,86,102,111,129,138,164,173,189,196,203,207,214,244
67031,5,7,8,9,25,34,38,68,69,102,118,157,164,173,189,203,207,214,223
67032,5,7,8,9,25,34,38,68,69,86,102,118,138,153,164,173,196,203,207,214,223,244
67033,14,34,38,102,157,164,173,189,196,203,207,210,214
67034,34,38,102,138,164,173,196,203,207,214
67035,34,38,102,129,164,173,189,203,207,214
67036,5,7,8,9,25,34,38,68,69,102,111,118,157,164,173,189,196,203,205,207,214,223,244
67037,34,153,164,173,203,207,214
67038,5,8,9,25,34,86,157,164,173,203,214
67039,5,14,25,34,38,129,164,173,203,214
67040,7,14,25,38,129,164,173,189,203,214
67041,14,118,129,164,173,196,203,214,244
67042,34,38,129,164,173,203,214
67043,164,173,203,214
67044,14,34,38,157,164,173,203,214
67045,5,7,25,34,157,164,173,189,203,214
67046,164,173,203,214
67047,34,164,173,203,214
67048,34,157,164,173,189,203,214
67049,5,7,9,25,86,118,129,164,173,203,214
67050,5,7,9,25,86,118,129,164,173,203,214
67051,164,173,203,214
67052,14,86,118,129,164,173,203,214,244
67053,5,7,8,9,25,34,86,118,164,173,203,214
67054,118,164,173,203,214,244
67055,25,34,38,157,164,173,203,214
67056,14,34,38,86,157,164,173,203,214
67057,5,7,8,9,14,25,34,38,129,157,164,173,203,214
67058,5,7,8,9,14,25,34,38,129,157,164,173,203,214
67059,14,86,138,164,173,203,207,214,244
67060,5,7,8,9,25,34,38,68,69,86,102,111,118,129,135,138,164,173,189,196,203,205,207,214,223,244
67061,14,34,38,102,129,164,173,203,207,214
67062,38,86,102,129,138,164,173,196,203,205,207,214,244
67063,5,7,8,9,25,34,38,86,102,118,129,157,164,173,189,196,203,207,210,214,223
67064,14,34,38,68,102,164,173,189,203,207,210,214
67065,5,8,14,25,34,38,68,69,102,157,164,173,189,196,203,207,210,214,223
67066,14,38,68,102,129,157,164,173,189,196,203,207,210,214
67067,8,34,86,138,164,173,189,196,203,205,207,214,244
67068,7,9,34,38,157,164,173,189,203,207,214
67069,14,34,38,157,164,173,189,203,207,214
67070,14,157,164,173,203,207,214
67071,5,7,8,9,14,25,34,38,118,157,164,173,203,207,214
67072,7,9,34,86,129,157,164,173,203,207,214
67073,138,164,173,203,207,214,244
67074,9,14,34,38,129,157,164,173,189,203,207,214
67075,7,9,118,129,138,164,173,189,203,207,214,244
67076,8,14,129,157,164,173,189,196,203,207,214
67077,34,38,129,164,173,189,203,207,214
67078,129,157,164,173,203,207,214,244
67079,164,173,189,196,203,207,214
67080,5,7,9,14,25,34,129,157,164,173,203,207,214
67081,118,129,164,173,203,207,214
67082,14,157,164,173,196,203,207,214
67083,34,129,157,164,173,203,207,214
67084,86,129,157,164,173,196,203,214,244
67085,14,34,157,164,173,203,214,244
67086,34,153,157,164,173,189,203,207,214
67087,14,86,129,138,157,164,173,189,196,203,207,214,244
67088,5,7,9,25,86,129,164,173,203,214
67089,5,9,25,34,38,68,69,86,102,111,129,164,173,189,203,205,207,214,223
67090,5,9,25,34,38,68,69,86,102,111,129,164,173,189,203,205,207,214,223
67091,38,86,102,111,129,138,164,173,196,203,205,207,214,244
67092,14,34,38,68,86,102,129,138,157,164,173,189,196,203,207,210,214,244
67093,38,129,164,173,189,203,207,214
67094,14,34,38,129,157,164,173,189,203,207,210,214
67095,5,8,9,14,25,34,118,129,157,164,173,189,203,207,210,214,244
67096,5,7,8,9,25,34,38,157,164,173,189,196,203,207,214,244
67097,86,129,138,164,173,203,207,214,244
67098,86,129,138,164,173,203,207,214,244
67099,8,9,34,129,157,164,173,189,196,203,207,214
67100,14,129,157,164,173,196,203,207,214,244
67101,34,86,129,153,164,173,203,207,214
67102,34,86,129,153,164,173,203,207,214
67103,164,203,214
67104,14,34,38,164,196,203,214
67105,164,196,203,214
67106,164,196,203,214
67107,164,196,203,214
67108,157,164,203,214
