symbol,wireId,slug,nationalDex
SPECIES_CHESPIN,668,chespin,650
SPECIES_QUILLADIN,669,quilladin,651
SPECIES_CHESNAUGHT,670,chesnaught,652
SPECIES_FENNEKIN,671,fennekin,653
SPECIES_BRAIXEN,672,braixen,654
SPECIES_DELPHOX,673,delphox,655
SPECIES_FROAKIE,674,froakie,656
SPECIES_FROGADIER,675,frogadier,657
SPECIES_GRENINJA,676,greninja,658
SPECIES_BUNNELBY,677,bunnelby,659
SPECIES_DIGGERSBY,678,diggersby,660
SPECIES_FLETCHLING,679,fletchling,661
SPECIES_FLETCHINDER,680,fletchinder,662
SPECIES_TALONFLAME,681,talonflame,663
SPECIES_SCATTERBUG_ICY_SNOW,682,scatterbug,664
SPECIES_SPEWPA_ICY_SNOW,683,spewpa,665
SPECIES_VIVILLON_ICY_SNOW,684,vivillon-icysnow,666
SPECIES_LITLEO,685,litleo,667
SPECIES_PYROAR,686,pyroar,668
SPECIES_FLABEBE_RED,687,flabebe,669
SPECIES_FLOETTE_RED,688,floette,670
SPECIES_FLORGES_RED,689,florges,671
SPECIES_SKIDDO,690,skiddo,672
SPECIES_GOGOAT,691,gogoat,673
SPECIES_PANCHAM,692,pancham,674
SPECIES_PANGORO,693,pangoro,675
SPECIES_FURFROU_NATURAL,694,furfrou,676
SPECIES_ESPURR,695,espurr,677
SPECIES_MEOWSTIC_M,696,meowstic,678
SPECIES_HONEDGE,697,honedge,679
SPECIES_DOUBLADE,698,doublade,680
SPECIES_AEGISLASH_SHIELD,699,aegislash,681
SPECIES_SPRITZEE,700,spritzee,682
SPECIES_AROMATISSE,701,aromatisse,683
SPECIES_SWIRLIX,702,swirlix,684
SPECIES_SLURPUFF,703,slurpuff,685
SPECIES_INKAY,704,inkay,686
SPECIES_MALAMAR,705,malamar,687
SPECIES_BINACLE,706,binacle,688
SPECIES_BARBARACLE,707,barbaracle,689
SPECIES_SKRELP,708,skrelp,690
SPECIES_DRAGALGE,709,dragalge,691
SPECIES_CLAUNCHER,710,clauncher,692
SPECIES_CLAWITZER,711,clawitzer,693
SPECIES_HELIOPTILE,712,helioptile,694
SPECIES_HELIOLISK,713,heliolisk,695
SPECIES_TYRUNT,714,tyrunt,696
SPECIES_TYRANTRUM,715,tyrantrum,697
SPECIES_AMAURA,716,amaura,698
SPECIES_AURORUS,717,aurorus,699
SPECIES_SYLVEON,718,sylveon,700
SPECIES_HAWLUCHA,719,hawlucha,701
SPECIES_DEDENNE,720,dedenne,702
SPECIES_CARBINK,721,carbink,703
SPECIES_GOOMY,722,goomy,704
SPECIES_SLIGGOO,723,sliggoo,705
SPECIES_GOODRA,724,goodra,706
SPECIES_KLEFKI,725,klefki,707
SPECIES_PHANTUMP,726,phantump,708
SPECIES_TREVENANT,727,trevenant,709
SPECIES_PUMPKABOO_AVERAGE,728,pumpkaboo,710
SPECIES_GOURGEIST_AVERAGE,729,gourgeist,711
SPECIES_BERGMITE,730,bergmite,712
SPECIES_AVALUGG,731,avalugg,713
SPECIES_NOIBAT,732,noibat,714
SPECIES_NOIVERN,733,noivern,715
SPECIES_XERNEAS_NEUTRAL,734,xerneas-neutral,716
SPECIES_YVELTAL,735,yveltal,717
SPECIES_ZYGARDE_50,736,zygarde,718
SPECIES_DIANCIE,737,diancie,719
SPECIES_HOOPA_CONFINED,738,hoopa,720
SPECIES_VOLCANION,739,volcanion,721
SPECIES_ROWLET,740,rowlet,722
SPECIES_DARTRIX,741,dartrix,723
SPECIES_DECIDUEYE,742,decidueye,724
SPECIES_LITTEN,743,litten,725
SPECIES_TORRACAT,744,torracat,726
SPECIES_INCINEROAR,745,incineroar,727
SPECIES_POPPLIO,746,popplio,728
SPECIES_BRIONNE,747,brionne,729
SPECIES_PRIMARINA,748,primarina,730
SPECIES_PIKIPEK,749,pikipek,731
SPECIES_TRUMBEAK,750,trumbeak,732
SPECIES_TOUCANNON,751,toucannon,733
SPECIES_YUNGOOS,752,yungoos,734
SPECIES_GUMSHOOS,753,gumshoos,735
SPECIES_GRUBBIN,754,grubbin,736
SPECIES_CHARJABUG,755,charjabug,737
SPECIES_VIKAVOLT,756,vikavolt,738
SPECIES_CRABRAWLER,757,crabrawler,739
SPECIES_CRABOMINABLE,758,crabominable,740
SPECIES_ORICORIO_BAILE,759,oricorio,741
SPECIES_CUTIEFLY,760,cutiefly,742
SPECIES_RIBOMBEE,761,ribombee,743
SPECIES_ROCKRUFF,762,rockruff,744
SPECIES_LYCANROC_MIDDAY,763,lycanroc,745
SPECIES_WISHIWASHI_SOLO,764,wishiwashi,746
SPECIES_MAREANIE,765,mareanie,747
SPECIES_TOXAPEX,766,toxapex,748
SPECIES_MUDBRAY,767,mudbray,749
SPECIES_MUDSDALE,768,mudsdale,750
SPECIES_DEWPIDER,769,dewpider,751
SPECIES_ARAQUANID,770,araquanid,752
SPECIES_FOMANTIS,771,fomantis,753
SPECIES_LURANTIS,772,lurantis,754
SPECIES_MORELULL,773,morelull,755
SPECIES_SHIINOTIC,774,shiinotic,756
SPECIES_SALANDIT,775,salandit,757
SPECIES_SALAZZLE,776,salazzle,758
SPECIES_STUFFUL,777,stufful,759
SPECIES_BEWEAR,778,bewear,760
SPECIES_BOUNSWEET,779,bounsweet,761
SPECIES_STEENEE,780,steenee,762
SPECIES_TSAREENA,781,tsareena,763
SPECIES_COMFEY,782,comfey,764
SPECIES_ORANGURU,783,oranguru,765
SPECIES_PASSIMIAN,784,passimian,766
SPECIES_WIMPOD,785,wimpod,767
SPECIES_GOLISOPOD,786,golisopod,768
SPECIES_SANDYGAST,787,sandygast,769
SPECIES_PALOSSAND,788,palossand,770
SPECIES_PYUKUMUKU,789,pyukumuku,771
SPECIES_TYPE_NULL,790,typenull,772
SPECIES_SILVALLY_NORMAL,791,silvally,773
SPECIES_MINIOR_METEOR_RED,792,minior-meteor,774
SPECIES_KOMALA,793,komala,775
SPECIES_TURTONATOR,794,turtonator,776
SPECIES_TOGEDEMARU,795,togedemaru,777
SPECIES_MIMIKYU_DISGUISED,796,mimikyu,778
SPECIES_BRUXISH,797,bruxish,779
SPECIES_DRAMPA,798,drampa,780
SPECIES_DHELMISE,799,dhelmise,781
SPECIES_JANGMO_O,800,jangmoo,782
SPECIES_HAKAMO_O,801,hakamoo,783
SPECIES_KOMMO_O,802,kommoo,784
SPECIES_TAPU_KOKO,803,tapukoko,785
SPECIES_TAPU_LELE,804,tapulele,786
SPECIES_TAPU_BULU,805,tapubulu,787
SPECIES_TAPU_FINI,806,tapufini,788
SPECIES_COSMOG,807,cosmog,789
SPECIES_COSMOEM,808,cosmoem,790
SPECIES_SOLGALEO,809,solgaleo,791
SPECIES_LUNALA,810,lunala,792
SPECIES_NIHILEGO,811,nihilego,793
SPECIES_BUZZWOLE,812,buzzwole,794
SPECIES_PHEROMOSA,813,pheromosa,795
SPECIES_XURKITREE,814,xurkitree,796
SPECIES_CELESTEELA,815,celesteela,797
SPECIES_KARTANA,816,kartana,798
SPECIES_GUZZLORD,817,guzzlord,799
SPECIES_NECROZMA,818,necrozma,800
SPECIES_MAGEARNA,819,magearna,801
SPECIES_MARSHADOW,820,marshadow,802
SPECIES_POIPOLE,821,poipole,803
SPECIES_NAGANADEL,822,naganadel,804
SPECIES_STAKATAKA,823,stakataka,805
SPECIES_BLACEPHALON,824,blacephalon,806
SPECIES_ZERAORA,825,zeraora,807
SPECIES_MELTAN,826,meltan,808
SPECIES_MELMETAL,827,melmetal,809
SPECIES_GROOKEY,828,grookey,810
SPECIES_THWACKEY,829,thwackey,811
SPECIES_RILLABOOM,830,rillaboom,812
SPECIES_SCORBUNNY,831,scorbunny,813
SPECIES_RABOOT,832,raboot,814
SPECIES_CINDERACE,833,cinderace,815
SPECIES_SOBBLE,834,sobble,816
SPECIES_DRIZZILE,835,drizzile,817
SPECIES_INTELEON,836,inteleon,818
SPECIES_SKWOVET,837,skwovet,819
SPECIES_GREEDENT,838,greedent,820
SPECIES_ROOKIDEE,839,rookidee,821
SPECIES_CORVISQUIRE,840,corvisquire,822
SPECIES_CORVIKNIGHT,841,corviknight,823
SPECIES_BLIPBUG,842,blipbug,824
SPECIES_DOTTLER,843,dottler,825
SPECIES_ORBEETLE,844,orbeetle,826
SPECIES_NICKIT,845,nickit,827
SPECIES_THIEVUL,846,thievul,828
SPECIES_GOSSIFLEUR,847,gossifleur,829
SPECIES_ELDEGOSS,848,eldegoss,830
SPECIES_WOOLOO,849,wooloo,831
SPECIES_DUBWOOL,850,dubwool,832
SPECIES_CHEWTLE,851,chewtle,833
SPECIES_DREDNAW,852,drednaw,834
SPECIES_YAMPER,853,yamper,835
SPECIES_BOLTUND,854,boltund,836
SPECIES_ROLYCOLY,855,rolycoly,837
SPECIES_CARKOL,856,carkol,838
SPECIES_COALOSSAL,857,coalossal,839
SPECIES_APPLIN,858,applin,840
SPECIES_FLAPPLE,859,flapple,841
SPECIES_APPLETUN,860,appletun,842
SPECIES_SILICOBRA,861,silicobra,843
SPECIES_SANDACONDA,862,sandaconda,844
SPECIES_CRAMORANT,863,cramorant,845
SPECIES_ARROKUDA,864,arrokuda,846
SPECIES_BARRASKEWDA,865,barraskewda,847
SPECIES_TOXEL,866,toxel,848
SPECIES_TOXTRICITY_AMPED,867,toxtricity,849
SPECIES_SIZZLIPEDE,868,sizzlipede,850
SPECIES_CENTISKORCH,869,centiskorch,851
SPECIES_CLOBBOPUS,870,clobbopus,852
SPECIES_GRAPPLOCT,871,grapploct,853
SPECIES_SINISTEA_PHONY,872,sinistea,854
SPECIES_POLTEAGEIST_PHONY,873,polteageist,855
SPECIES_HATENNA,874,hatenna,856
SPECIES_HATTREM,875,hattrem,857
SPECIES_HATTERENE,876,hatterene,858
SPECIES_IMPIDIMP,877,impidimp,859
SPECIES_MORGREM,878,morgrem,860
SPECIES_GRIMMSNARL,879,grimmsnarl,861
SPECIES_OBSTAGOON,880,obstagoon,862
SPECIES_PERRSERKER,881,perrserker,863
SPECIES_CURSOLA,882,cursola,864
SPECIES_SIRFETCHD,883,sirfetchd,865
SPECIES_MR_RIME,884,mrrime,866
SPECIES_RUNERIGUS,885,runerigus,867
SPECIES_MILCERY,886,milcery,868
SPECIES_ALCREMIE_STRAWBERRY_VANILLA_CREAM,887,alcremie,869
SPECIES_FALINKS,888,falinks,870
SPECIES_PINCURCHIN,889,pincurchin,871
SPECIES_SNOM,890,snom,872
SPECIES_FROSMOTH,891,frosmoth,873
SPECIES_STONJOURNER,892,stonjourner,874
SPECIES_EISCUE_ICE,893,eiscue,875
SPECIES_INDEEDEE_M,894,indeedee,876
SPECIES_MORPEKO_FULL_BELLY,895,morpeko,877
SPECIES_CUFANT,896,cufant,878
SPECIES_COPPERAJAH,897,copperajah,879
SPECIES_DRACOZOLT,898,dracozolt,880
SPECIES_ARCTOZOLT,899,arctozolt,881
SPECIES_DRACOVISH,900,dracovish,882
SPECIES_ARCTOVISH,901,arctovish,883
SPECIES_DURALUDON,902,duraludon,884
SPECIES_DREEPY,903,dreepy,885
SPECIES_DRAKLOAK,904,drakloak,886
SPECIES_DRAGAPULT,905,dragapult,887
SPECIES_ZACIAN_HERO,906,zacian,888
SPECIES_ZAMAZENTA_HERO,907,zamazenta,889
SPECIES_ETERNATUS,908,eternatus,890
SPECIES_KUBFU,909,kubfu,891
SPECIES_URSHIFU_SINGLE_STRIKE,910,urshifu,892
SPECIES_ZARUDE,911,zarude,893
SPECIES_REGIELEKI,912,regieleki,894
SPECIES_REGIDRAGO,913,regidrago,895
SPECIES_GLASTRIER,914,glastrier,896
SPECIES_SPECTRIER,915,spectrier,897
SPECIES_CALYREX,916,calyrex,898
SPECIES_WYRDEER,917,wyrdeer,899
SPECIES_KLEAVOR,918,kleavor,900
SPECIES_URSALUNA,919,ursaluna,901
SPECIES_BASCULEGION_M,920,basculegion,902
SPECIES_SNEASLER,921,sneasler,903
SPECIES_OVERQWIL,922,overqwil,904
SPECIES_ENAMORUS_INCARNATE,923,enamorus,905
SPECIES_VENUSAUR_MEGA,1097,venusaur-mega,3
SPECIES_CHARIZARD_MEGA_X,1098,charizard-megax,6
SPECIES_CHARIZARD_MEGA_Y,1099,charizard-megay,6
SPECIES_BLASTOISE_MEGA,1100,blastoise-mega,9
SPECIES_BEEDRILL_MEGA,1101,beedrill-mega,15
SPECIES_PIDGEOT_MEGA,1102,pidgeot-mega,18
SPECIES_ALAKAZAM_MEGA,1103,alakazam-mega,65
SPECIES_SLOWBRO_MEGA,1104,slowbro-mega,80
SPECIES_GENGAR_MEGA,1105,gengar-mega,94
SPECIES_KANGASKHAN_MEGA,1106,kangaskhan-mega,115
SPECIES_PINSIR_MEGA,1107,pinsir-mega,127
SPECIES_GYARADOS_MEGA,1108,gyarados-mega,130
SPECIES_AERODACTYL_MEGA,1109,aerodactyl-mega,142
SPECIES_MEWTWO_MEGA_X,1110,mewtwo-megax,150
SPECIES_MEWTWO_MEGA_Y,1111,mewtwo-megay,150
SPECIES_AMPHAROS_MEGA,1112,ampharos-mega,181
SPECIES_STEELIX_MEGA,1113,steelix-mega,208
SPECIES_SCIZOR_MEGA,1114,scizor-mega,212
SPECIES_HERACROSS_MEGA,1115,heracross-mega,214
SPECIES_HOUNDOOM_MEGA,1116,houndoom-mega,229
SPECIES_TYRANITAR_MEGA,1117,tyranitar-mega,248
SPECIES_SCEPTILE_MEGA,1118,sceptile-mega,254
SPECIES_BLAZIKEN_MEGA,1119,blaziken-mega,257
SPECIES_SWAMPERT_MEGA,1120,swampert-mega,260
SPECIES_GARDEVOIR_MEGA,1121,gardevoir-mega,282
SPECIES_SABLEYE_MEGA,1122,sableye-mega,302
SPECIES_MAWILE_MEGA,1123,mawile-mega,303
SPECIES_AGGRON_MEGA,1124,aggron-mega,306
SPECIES_MEDICHAM_MEGA,1125,medicham-mega,308
SPECIES_MANECTRIC_MEGA,1126,manectric-mega,310
SPECIES_SHARPEDO_MEGA,1127,sharpedo-mega,319
SPECIES_CAMERUPT_MEGA,1128,camerupt-mega,323
SPECIES_ALTARIA_MEGA,1129,altaria-mega,334
SPECIES_BANETTE_MEGA,1130,banette-mega,354
SPECIES_ABSOL_MEGA,1131,absol-mega,359
SPECIES_GLALIE_MEGA,1132,glalie-mega,362
SPECIES_SALAMENCE_MEGA,1133,salamence-mega,373
SPECIES_METAGROSS_MEGA,1134,metagross-mega,376
SPECIES_LATIAS_MEGA,1135,latias-mega,380
SPECIES_LATIOS_MEGA,1136,latios-mega,381
SPECIES_LOPUNNY_MEGA,1137,lopunny-mega,428
SPECIES_GARCHOMP_MEGA,1138,garchomp-mega,445
SPECIES_LUCARIO_MEGA,1139,lucario-mega,448
SPECIES_ABOMASNOW_MEGA,1140,abomasnow-mega,460
SPECIES_GALLADE_MEGA,1141,gallade-mega,475
SPECIES_AUDINO_MEGA,1142,audino-mega,531
SPECIES_DIANCIE_MEGA,1143,diancie-mega,719
SPECIES_RAYQUAZA_MEGA,1144,rayquaza-mega,384
SPECIES_KYOGRE_PRIMAL,1145,kyogre-primal,382
SPECIES_GROUDON_PRIMAL,1146,groudon-primal,383
SPECIES_RATTATA_ALOLA,1147,rattata-alola,19
SPECIES_RATICATE_ALOLA,1148,raticate-alola,20
SPECIES_RAICHU_ALOLA,1149,raichu-alola,26
SPECIES_SANDSHREW_ALOLA,1150,sandshrew-alola,27
SPECIES_SANDSLASH_ALOLA,1151,sandslash-alola,28
SPECIES_VULPIX_ALOLA,1152,vulpix-alola,37
SPECIES_NINETALES_ALOLA,1153,ninetales-alola,38
SPECIES_DIGLETT_ALOLA,1154,diglett-alola,50
SPECIES_DUGTRIO_ALOLA,1155,dugtrio-alola,51
SPECIES_MEOWTH_ALOLA,1156,meowth-alola,52
SPECIES_PERSIAN_ALOLA,1157,persian-alola,53
SPECIES_GEODUDE_ALOLA,1158,geodude-alola,74
SPECIES_GRAVELER_ALOLA,1159,graveler-alola,75
SPECIES_GOLEM_ALOLA,1160,golem-alola,76
SPECIES_GRIMER_ALOLA,1161,grimer-alola,88
SPECIES_MUK_ALOLA,1162,muk-alola,89
SPECIES_EXEGGUTOR_ALOLA,1163,exeggutor-alola,103
SPECIES_MAROWAK_ALOLA,1164,marowak-alola,105
SPECIES_MEOWTH_GALAR,1165,meowth-galar,52
SPECIES_PONYTA_GALAR,1166,ponyta-galar,77
SPECIES_RAPIDASH_GALAR,1167,rapidash-galar,78
SPECIES_SLOWPOKE_GALAR,1168,slowpoke-galar,79
SPECIES_SLOWBRO_GALAR,1169,slowbro-galar,80
SPECIES_FARFETCHD_GALAR,1170,farfetchd-galar,83
SPECIES_WEEZING_GALAR,1171,weezing-galar,110
SPECIES_MR_MIME_GALAR,1172,mrmime-galar,122
SPECIES_ARTICUNO_GALAR,1173,articuno-galar,144
SPECIES_ZAPDOS_GALAR,1174,zapdos-galar,145
SPECIES_MOLTRES_GALAR,1175,moltres-galar,146
SPECIES_SLOWKING_GALAR,1176,slowking-galar,199
SPECIES_CORSOLA_GALAR,1177,corsola-galar,222
SPECIES_ZIGZAGOON_GALAR,1178,zigzagoon-galar,263
SPECIES_LINOONE_GALAR,1179,linoone-galar,264
SPECIES_DARUMAKA_GALAR,1180,darumaka-galar,554
SPECIES_DARMANITAN_GALAR_STANDARD,1181,darmanitan-galar,555
SPECIES_YAMASK_GALAR,1182,yamask-galar,562
SPECIES_STUNFISK_GALAR,1183,stunfisk-galar,618
SPECIES_GROWLITHE_HISUI,1184,growlithe-hisui,58
SPECIES_ARCANINE_HISUI,1185,arcanine-hisui,59
SPECIES_VOLTORB_HISUI,1186,voltorb-hisui,100
SPECIES_ELECTRODE_HISUI,1187,electrode-hisui,101
SPECIES_TYPHLOSION_HISUI,1188,typhlosion-hisui,157
SPECIES_QWILFISH_HISUI,1189,qwilfish-hisui,211
SPECIES_SNEASEL_HISUI,1190,sneasel-hisui,215
SPECIES_SAMUROTT_HISUI,1191,samurott-hisui,503
SPECIES_LILLIGANT_HISUI,1192,lilligant-hisui,549
SPECIES_ZORUA_HISUI,1193,zorua-hisui,570
SPECIES_ZOROARK_HISUI,1194,zoroark-hisui,571
SPECIES_BRAVIARY_HISUI,1195,braviary-hisui,628
SPECIES_SLIGGOO_HISUI,1196,sliggoo-hisui,705
SPECIES_GOODRA_HISUI,1197,goodra-hisui,706
SPECIES_AVALUGG_HISUI,1198,avalugg-hisui,713
SPECIES_DECIDUEYE_HISUI,1199,decidueye-hisui,724
SPECIES_PIKACHU_ALOLA,1211,pikachu-alola,25
SPECIES_DARMANITAN_GALAR_ZEN,1284,darmanitan-galarzen,555
SPECIES_ENAMORUS_THERIAN,1294,enamorus-therian,905
SPECIES_GRENINJA_BATTLE_BOND,1303,greninja-bond,658
SPECIES_GRENINJA_ASH,1304,greninja-ash,658
SPECIES_VIVILLON_POLAR,1305,vivillon-polar,666
SPECIES_VIVILLON_TUNDRA,1306,vivillon-tundra,666
SPECIES_VIVILLON_CONTINENTAL,1307,vivillon-continental,666
SPECIES_VIVILLON_GARDEN,1308,vivillon-garden,666
SPECIES_VIVILLON_ELEGANT,1309,vivillon-elegant,666
SPECIES_VIVILLON_MEADOW,1310,vivillon,666
SPECIES_VIVILLON_MODERN,1311,vivillon-modern,666
SPECIES_VIVILLON_MARINE,1312,vivillon-marine,666
SPECIES_VIVILLON_ARCHIPELAGO,1313,vivillon-archipelago,666
SPECIES_VIVILLON_HIGH_PLAINS,1314,vivillon-highplains,666
SPECIES_VIVILLON_SANDSTORM,1315,vivillon-sandstorm,666
SPECIES_VIVILLON_RIVER,1316,vivillon-river,666
SPECIES_VIVILLON_MONSOON,1317,vivillon-monsoon,666
SPECIES_VIVILLON_SAVANNA,1318,vivillon-savanna,666
SPECIES_VIVILLON_SUN,1319,vivillon-sun,666
SPECIES_VIVILLON_OCEAN,1320,vivillon-ocean,666
SPECIES_VIVILLON_JUNGLE,1321,vivillon-jungle,666
SPECIES_VIVILLON_FANCY,1322,vivillon-fancy,666
SPECIES_VIVILLON_POKEBALL,1323,vivillon-pokeball,666
SPECIES_FLABEBE_YELLOW,1324,flabebe,669
SPECIES_FLABEBE_ORANGE,1325,flabebe,669
SPECIES_FLABEBE_BLUE,1326,flabebe,669
SPECIES_FLABEBE_WHITE,1327,flabebe,669
SPECIES_FLOETTE_YELLOW,1328,floette,670
SPECIES_FLOETTE_ORANGE,1329,floette,670
SPECIES_FLOETTE_BLUE,1330,floette,670
SPECIES_FLOETTE_WHITE,1331,floette,670
SPECIES_FLOETTE_ETERNAL,1332,floette-eternal,670
SPECIES_FLORGES_YELLOW,1333,florges,671
SPECIES_FLORGES_ORANGE,1334,florges,671
SPECIES_FLORGES_BLUE,1335,florges,671
SPECIES_FLORGES_WHITE,1336,florges,671
SPECIES_FURFROU_HEART,1337,furfrou,676
SPECIES_FURFROU_STAR,1338,furfrou,676
SPECIES_FURFROU_DIAMOND,1339,furfrou,676
SPECIES_FURFROU_DEBUTANTE,1340,furfrou,676
SPECIES_FURFROU_MATRON,1341,furfrou,676
SPECIES_FURFROU_DANDY,1342,furfrou,676
SPECIES_FURFROU_LA_REINE,1343,furfrou,676
SPECIES_FURFROU_KABUKI,1344,furfrou,676
SPECIES_FURFROU_PHARAOH,1345,furfrou,676
SPECIES_MEOWSTIC_F,1346,meowstic-f,678
SPECIES_AEGISLASH_BLADE,1347,aegislash-blade,681
SPECIES_PUMPKABOO_SMALL,1348,pumpkaboo-small,710
SPECIES_PUMPKABOO_LARGE,1349,pumpkaboo-large,710
SPECIES_PUMPKABOO_SUPER,1350,pumpkaboo-super,710
SPECIES_GOURGEIST_SMALL,1351,gourgeist-small,711
SPECIES_GOURGEIST_LARGE,1352,gourgeist-large,711
SPECIES_GOURGEIST_SUPER,1353,gourgeist-super,711
SPECIES_XERNEAS_ACTIVE,1354,xerneas,716
SPECIES_ZYGARDE_10_AURA_BREAK,1355,zygarde-10,718
SPECIES_ZYGARDE_10_POWER_CONSTRUCT,1356,zygarde-10,718
SPECIES_ZYGARDE_50_POWER_CONSTRUCT,1357,zygarde,718
SPECIES_ZYGARDE_COMPLETE,1358,zygarde-complete,718
SPECIES_HOOPA_UNBOUND,1359,hoopa-unbound,720
SPECIES_ORICORIO_POM_POM,1360,oricorio-pompom,741
SPECIES_ORICORIO_PAU,1361,oricorio-pau,741
SPECIES_ORICORIO_SENSU,1362,oricorio-sensu,741
SPECIES_ROCKRUFF_OWN_TEMPO,1363,rockruff,744
SPECIES_LYCANROC_MIDNIGHT,1364,lycanroc-midnight,745
SPECIES_LYCANROC_DUSK,1365,lycanroc-dusk,745
SPECIES_WISHIWASHI_SCHOOL,1366,wishiwashi-school,746
SPECIES_SILVALLY_FIGHTING,1367,silvally-fighting,773
SPECIES_SILVALLY_FLYING,1368,silvally-flying,773
SPECIES_SILVALLY_POISON,1369,silvally-poison,773
SPECIES_SILVALLY_GROUND,1370,silvally-ground,773
SPECIES_SILVALLY_ROCK,1371,silvally-rock,773
SPECIES_SILVALLY_BUG,1372,silvally-bug,773
SPECIES_SILVALLY_GHOST,1373,silvally-ghost,773
SPECIES_SILVALLY_STEEL,1374,silvally-steel,773
SPECIES_SILVALLY_FIRE,1375,silvally-fire,773
SPECIES_SILVALLY_WATER,1376,silvally-water,773
SPECIES_SILVALLY_GRASS,1377,silvally-grass,773
SPECIES_SILVALLY_ELECTRIC,1378,silvally-electric,773
SPECIES_SILVALLY_PSYCHIC,1379,silvally-psychic,773
SPECIES_SILVALLY_ICE,1380,silvally-ice,773
SPECIES_SILVALLY_DRAGON,1381,silvally-dragon,773
SPECIES_SILVALLY_DARK,1382,silvally-dark,773
SPECIES_SILVALLY_FAIRY,1383,silvally-fairy,773
SPECIES_MINIOR_METEOR_ORANGE,1384,minior-orange,774
SPECIES_MINIOR_METEOR_YELLOW,1385,minior-yellow,774
SPECIES_MINIOR_METEOR_GREEN,1386,minior-meteor,774
SPECIES_MINIOR_METEOR_BLUE,1387,minior-meteor,774
SPECIES_MINIOR_METEOR_INDIGO,1388,minior-indigo,774
SPECIES_MINIOR_METEOR_VIOLET,1389,minior-violet,774
SPECIES_MINIOR_CORE_RED,1390,minior,774
SPECIES_MINIOR_CORE_ORANGE,1391,minior-orange,774
SPECIES_MINIOR_CORE_YELLOW,1392,minior-yellow,774
SPECIES_MINIOR_CORE_GREEN,1393,minior-green,774
SPECIES_MINIOR_CORE_BLUE,1394,minior-blue,774
SPECIES_MINIOR_CORE_INDIGO,1395,minior-indigo,774
SPECIES_MINIOR_CORE_VIOLET,1396,minior-violet,774
SPECIES_MIMIKYU_BUSTED,1397,mimikyu-busted,778
SPECIES_NECROZMA_DUSK_MANE,1398,necrozma-duskmane,800
SPECIES_NECROZMA_DAWN_WINGS,1399,necrozma-dawnwings,800
SPECIES_NECROZMA_ULTRA,1400,necrozma-ultra,800
SPECIES_MAGEARNA_ORIGINAL,1401,magearna-original,801
SPECIES_CRAMORANT_GULPING,1402,cramorant-gulping,845
SPECIES_CRAMORANT_GORGING,1403,cramorant-gorging,845
SPECIES_TOXTRICITY_LOW_KEY,1404,toxtricity-lowkey,849
SPECIES_SINISTEA_ANTIQUE,1405,sinistea-antique,854
SPECIES_POLTEAGEIST_ANTIQUE,1406,polteageist-antique,855
SPECIES_ALCREMIE_STRAWBERRY_RUBY_CREAM,1407,alcremie-rubycream,869
SPECIES_ALCREMIE_STRAWBERRY_MATCHA_CREAM,1408,alcremie-matchacream,869
SPECIES_ALCREMIE_STRAWBERRY_MINT_CREAM,1409,alcremie-mintcream,869
SPECIES_ALCREMIE_STRAWBERRY_LEMON_CREAM,1410,alcremie-lemoncream,869
SPECIES_ALCREMIE_STRAWBERRY_SALTED_CREAM,1411,alcremie,869
SPECIES_ALCREMIE_STRAWBERRY_RUBY_SWIRL,1412,alcremie-rubyswirl,869
SPECIES_ALCREMIE_STRAWBERRY_CARAMEL_SWIRL,1413,alcremie-caramelswirl,869
SPECIES_ALCREMIE_STRAWBERRY_RAINBOW_SWIRL,1414,alcremie-rainbowswirl,869
SPECIES_EISCUE_NOICE,1415,eiscue-noice,875
SPECIES_INDEEDEE_F,1416,indeedee-f,876
SPECIES_MORPEKO_HANGRY,1417,morpeko-hangry,877
SPECIES_ZACIAN_CROWNED,1418,zacian-crowned,888
SPECIES_ZAMAZENTA_CROWNED,1419,zamazenta-crowned,889
SPECIES_ETERNATUS_ETERNAMAX,1420,eternatus-eternamax,890
SPECIES_URSHIFU_RAPID_STRIKE,1421,urshifu-rapidstrike,892
SPECIES_ZARUDE_DADA,1422,zarude-dada,893
SPECIES_CALYREX_ICE,1423,calyrex-ice,898
SPECIES_CALYREX_SHADOW,1424,calyrex-shadow,898
SPECIES_BASCULEGION_F,1425,basculegion-f,902
SPECIES_ALCREMIE_BERRY_VANILLA_CREAM,1426,alcremie,869
SPECIES_ALCREMIE_BERRY_RUBY_CREAM,1427,alcremie-rubycream,869
SPECIES_ALCREMIE_BERRY_MATCHA_CREAM,1428,alcremie-matchacream,869
SPECIES_ALCREMIE_BERRY_MINT_CREAM,1429,alcremie-mintcream,869
SPECIES_ALCREMIE_BERRY_LEMON_CREAM,1430,alcremie-lemoncream,869
SPECIES_ALCREMIE_BERRY_SALTED_CREAM,1431,alcremie,869
SPECIES_ALCREMIE_BERRY_RUBY_SWIRL,1432,alcremie-rubyswirl,869
SPECIES_ALCREMIE_BERRY_CARAMEL_SWIRL,1433,alcremie-caramelswirl,869
SPECIES_ALCREMIE_BERRY_RAINBOW_SWIRL,1434,alcremie-rainbowswirl,869
SPECIES_ALCREMIE_LOVE_VANILLA_CREAM,1435,alcremie,869
SPECIES_ALCREMIE_LOVE_RUBY_CREAM,1436,alcremie-rubycream,869
SPECIES_ALCREMIE_LOVE_MATCHA_CREAM,1437,alcremie-matchacream,869
SPECIES_ALCREMIE_LOVE_MINT_CREAM,1438,alcremie-mintcream,869
SPECIES_ALCREMIE_LOVE_LEMON_CREAM,1439,alcremie-lemoncream,869
SPECIES_ALCREMIE_LOVE_SALTED_CREAM,1440,alcremie,869
SPECIES_ALCREMIE_LOVE_RUBY_SWIRL,1441,alcremie-rubyswirl,869
SPECIES_ALCREMIE_LOVE_CARAMEL_SWIRL,1442,alcremie-caramelswirl,869
SPECIES_ALCREMIE_LOVE_RAINBOW_SWIRL,1443,alcremie-rainbowswirl,869
SPECIES_ALCREMIE_STAR_VANILLA_CREAM,1444,alcremie,869
SPECIES_ALCREMIE_STAR_RUBY_CREAM,1445,alcremie-rubycream,869
SPECIES_ALCREMIE_STAR_MATCHA_CREAM,1446,alcremie-matchacream,869
SPECIES_ALCREMIE_STAR_MINT_CREAM,1447,alcremie-mintcream,869
SPECIES_ALCREMIE_STAR_LEMON_CREAM,1448,alcremie-lemoncream,869
SPECIES_ALCREMIE_STAR_SALTED_CREAM,1449,alcremie,869
SPECIES_ALCREMIE_STAR_RUBY_SWIRL,1450,alcremie-rubyswirl,869
SPECIES_ALCREMIE_STAR_CARAMEL_SWIRL,1451,alcremie-caramelswirl,869
SPECIES_ALCREMIE_STAR_RAINBOW_SWIRL,1452,alcremie-rainbowswirl,869
SPECIES_ALCREMIE_CLOVER_VANILLA_CREAM,1453,alcremie,869
SPECIES_ALCREMIE_CLOVER_RUBY_CREAM,1454,alcremie-rubycream,869
SPECIES_ALCREMIE_CLOVER_MATCHA_CREAM,1455,alcremie-matchacream,869
SPECIES_ALCREMIE_CLOVER_MINT_CREAM,1456,alcremie-mintcream,869
SPECIES_ALCREMIE_CLOVER_LEMON_CREAM,1457,alcremie-lemoncream,869
SPECIES_ALCREMIE_CLOVER_SALTED_CREAM,1458,alcremie,869
SPECIES_ALCREMIE_CLOVER_RUBY_SWIRL,1459,alcremie-rubyswirl,869
SPECIES_ALCREMIE_CLOVER_CARAMEL_SWIRL,1460,alcremie-caramelswirl,869
SPECIES_ALCREMIE_CLOVER_RAINBOW_SWIRL,1461,alcremie-rainbowswirl,869
SPECIES_ALCREMIE_FLOWER_VANILLA_CREAM,1462,alcremie,869
SPECIES_ALCREMIE_FLOWER_RUBY_CREAM,1463,alcremie-rubycream,869
SPECIES_ALCREMIE_FLOWER_MATCHA_CREAM,1464,alcremie-matchacream,869
SPECIES_ALCREMIE_FLOWER_MINT_CREAM,1465,alcremie-mintcream,869
SPECIES_ALCREMIE_FLOWER_LEMON_CREAM,1466,alcremie-lemoncream,869
SPECIES_ALCREMIE_FLOWER_SALTED_CREAM,1467,alcremie,869
SPECIES_ALCREMIE_FLOWER_RUBY_SWIRL,1468,alcremie-rubyswirl,869
SPECIES_ALCREMIE_FLOWER_CARAMEL_SWIRL,1469,alcremie-caramelswirl,869
SPECIES_ALCREMIE_FLOWER_RAINBOW_SWIRL,1470,alcremie-rainbowswirl,869
SPECIES_ALCREMIE_RIBBON_VANILLA_CREAM,1471,alcremie,869
SPECIES_ALCREMIE_RIBBON_RUBY_CREAM,1472,alcremie-rubycream,869
SPECIES_ALCREMIE_RIBBON_MATCHA_CREAM,1473,alcremie-matchacream,869
SPECIES_ALCREMIE_RIBBON_MINT_CREAM,1474,alcremie-mintcream,869
SPECIES_ALCREMIE_RIBBON_LEMON_CREAM,1475,alcremie-lemoncream,869
SPECIES_ALCREMIE_RIBBON_SALTED_CREAM,1476,alcremie,869
SPECIES_ALCREMIE_RIBBON_RUBY_SWIRL,1477,alcremie-rubyswirl,869
SPECIES_ALCREMIE_RIBBON_CARAMEL_SWIRL,1478,alcremie-caramelswirl,869
SPECIES_ALCREMIE_RIBBON_RAINBOW_SWIRL,1479,alcremie-rainbowswirl,869
SPECIES_SPRIGATITO,924,sprigatito,906
SPECIES_FLORAGATO,925,floragato,907
SPECIES_MEOWSCARADA,926,meowscarada,908
SPECIES_FUECOCO,927,fuecoco,909
SPECIES_CROCALOR,928,crocalor,910
SPECIES_SKELEDIRGE,929,skeledirge,911
SPECIES_QUAXLY,930,quaxly,912
SPECIES_QUAXWELL,931,quaxwell,913
SPECIES_QUAQUAVAL,932,quaquaval,914
SPECIES_LECHONK,933,lechonk,915
SPECIES_OINKOLOGNE_M,934,oinkologne,916
SPECIES_OINKOLOGNE_F,1480,oinkologne-f,916
SPECIES_TAROUNTULA,935,tarountula,917
SPECIES_SPIDOPS,936,spidops,918
SPECIES_NYMBLE,937,nymble,919
SPECIES_LOKIX,938,lokix,920
SPECIES_PAWMI,939,pawmi,921
SPECIES_PAWMO,940,pawmo,922
SPECIES_PAWMOT,941,pawmot,923
SPECIES_TANDEMAUS,942,tandemaus,924
SPECIES_MAUSHOLD_THREE,943,maushold,925
SPECIES_MAUSHOLD_FOUR,1481,maushold-four,925
SPECIES_FIDOUGH,944,fidough,926
SPECIES_DACHSBUN,945,dachsbun,927
SPECIES_SMOLIV,946,smoliv,928
SPECIES_DOLLIV,947,dolliv,929
SPECIES_ARBOLIVA,948,arboliva,930
SPECIES_SQUAWKABILLY_GREEN,949,squawkabilly,931
SPECIES_SQUAWKABILLY_BLUE,1482,squawkabilly-blue,931
SPECIES_SQUAWKABILLY_YELLOW,1483,squawkabilly-yellow,931
SPECIES_SQUAWKABILLY_WHITE,1484,squawkabilly-white,931
SPECIES_NACLI,950,nacli,932
SPECIES_NACLSTACK,951,naclstack,933
SPECIES_GARGANACL,952,garganacl,934
SPECIES_CHARCADET,953,charcadet,935
SPECIES_ARMAROUGE,954,armarouge,936
SPECIES_CERULEDGE,955,ceruledge,937
SPECIES_TADBULB,956,tadbulb,938
SPECIES_BELLIBOLT,957,bellibolt,939
SPECIES_WATTREL,958,wattrel,940
SPECIES_KILOWATTREL,959,kilowattrel,941
SPECIES_MASCHIFF,960,maschiff,942
SPECIES_MABOSSTIFF,961,mabosstiff,943
SPECIES_SHROODLE,962,shroodle,944
SPECIES_GRAFAIAI,963,grafaiai,945
SPECIES_BRAMBLIN,964,bramblin,946
SPECIES_BRAMBLEGHAST,965,brambleghast,947
SPECIES_TOEDSCOOL,966,toedscool,948
SPECIES_TOEDSCRUEL,967,toedscruel,949
SPECIES_KLAWF,968,klawf,950
SPECIES_CAPSAKID,969,capsakid,951
SPECIES_SCOVILLAIN,970,scovillain,952
SPECIES_RELLOR,971,rellor,953
SPECIES_RABSCA,972,rabsca,954
SPECIES_FLITTLE,973,flittle,955
SPECIES_ESPATHRA,974,espathra,956
SPECIES_TINKATINK,975,tinkatink,957
SPECIES_TINKATUFF,976,tinkatuff,958
SPECIES_TINKATON,977,tinkaton,959
SPECIES_WIGLETT,978,wiglett,960
SPECIES_WUGTRIO,979,wugtrio,961
SPECIES_BOMBIRDIER,980,bombirdier,962
SPECIES_FINIZEN,981,finizen,963
SPECIES_PALAFIN_ZERO,982,palafin,964
SPECIES_PALAFIN_HERO,1485,palafin-hero,964
SPECIES_VAROOM,983,varoom,965
SPECIES_REVAVROOM,984,revavroom,966
SPECIES_CYCLIZAR,985,cyclizar,967
SPECIES_ORTHWORM,986,orthworm,968
SPECIES_GLIMMET,987,glimmet,969
SPECIES_GLIMMORA,988,glimmora,970
SPECIES_GREAVARD,989,greavard,971
SPECIES_HOUNDSTONE,990,houndstone,972
SPECIES_FLAMIGO,991,flamigo,973
SPECIES_CETODDLE,992,cetoddle,974
SPECIES_CETITAN,993,cetitan,975
SPECIES_VELUZA,994,veluza,976
SPECIES_DONDOZO,995,dondozo,977
SPECIES_TATSUGIRI_CURLY,996,tatsugiri,978
SPECIES_TATSUGIRI_DROOPY,1486,tatsugiri-droopy,978
SPECIES_TATSUGIRI_STRETCHY,1487,tatsugiri-stretchy,978
SPECIES_ANNIHILAPE,997,annihilape,979
SPECIES_CLODSIRE,998,clodsire,980
SPECIES_FARIGIRAF,999,farigiraf,981
SPECIES_DUDUNSPARCE_TWO_SEGMENT,1053,dudunsparce,982
SPECIES_DUDUNSPARCE_THREE_SEGMENT,1488,dudunsparce-threesegment,982
SPECIES_KINGAMBIT,1054,kingambit,983
SPECIES_GREAT_TUSK,1055,greattusk,984
SPECIES_SCREAM_TAIL,1056,screamtail,985
SPECIES_BRUTE_BONNET,1057,brutebonnet,986
SPECIES_FLUTTER_MANE,1058,fluttermane,987
SPECIES_SLITHER_WING,1059,slitherwing,988
SPECIES_SANDY_SHOCKS,1060,sandyshocks,989
SPECIES_IRON_TREADS,1061,irontreads,990
SPECIES_IRON_BUNDLE,1062,ironbundle,991
SPECIES_IRON_HANDS,1063,ironhands,992
SPECIES_IRON_JUGULIS,1064,ironjugulis,993
SPECIES_IRON_MOTH,1065,ironmoth,994
SPECIES_IRON_THORNS,1066,ironthorns,995
SPECIES_FRIGIBAX,1067,frigibax,996
SPECIES_ARCTIBAX,1068,arctibax,997
SPECIES_BAXCALIBUR,1069,baxcalibur,998
SPECIES_GIMMIGHOUL_CHEST,1070,gimmighoul,999
SPECIES_GIMMIGHOUL_ROAMING,1489,gimmighoul-roaming,999
SPECIES_GHOLDENGO,1071,gholdengo,1000
SPECIES_WO_CHIEN,1072,wochien,1001
SPECIES_CHIEN_PAO,1073,chienpao,1002
SPECIES_TING_LU,1074,tinglu,1003
SPECIES_CHI_YU,1075,chiyu,1004
SPECIES_ROARING_MOON,1076,roaringmoon,1005
SPECIES_IRON_VALIANT,1077,ironvaliant,1006
SPECIES_KORAIDON,1078,koraidon,1007
SPECIES_MIRAIDON,1079,miraidon,1008
SPECIES_TAUROS_PALDEA_COMBAT,1490,tauros-paldeacombat,128
SPECIES_TAUROS_PALDEA_BLAZE,1491,tauros-paldeablaze,128
SPECIES_TAUROS_PALDEA_AQUA,1492,tauros-paldeaaqua,128
SPECIES_WOOPER_PALDEA,1493,wooper-paldea,194
SPECIES_WALKING_WAKE,1080,walkingwake,1009
SPECIES_IRON_LEAVES,1081,ironleaves,1010
SPECIES_DIPPLIN,1082,dipplin,1011
SPECIES_POLTCHAGEIST_COUNTERFEIT,1083,poltchageist,1012
SPECIES_POLTCHAGEIST_ARTISAN,1494,poltchageist-artisan,1012
SPECIES_SINISTCHA_UNREMARKABLE,1084,sinistcha,1013
SPECIES_SINISTCHA_MASTERPIECE,1495,sinistcha-masterpiece,1013
SPECIES_OKIDOGI,1085,okidogi,1014
SPECIES_MUNKIDORI,1086,munkidori,1015
SPECIES_FEZANDIPITI,1087,fezandipiti,1016
SPECIES_OGERPON_TEAL,1088,ogerpon,1017
SPECIES_OGERPON_WELLSPRING,1496,ogerpon-wellspring,1017
SPECIES_OGERPON_HEARTHFLAME,1497,ogerpon-hearthflame,1017
SPECIES_OGERPON_CORNERSTONE,1498,ogerpon-cornerstone,1017
SPECIES_OGERPON_TEAL_TERA,1499,ogerpon-tealtera,1017
SPECIES_OGERPON_WELLSPRING_TERA,1500,ogerpon-wellspringtera,1017
SPECIES_OGERPON_HEARTHFLAME_TERA,1501,ogerpon-hearthflametera,1017
SPECIES_OGERPON_CORNERSTONE_TERA,1502,ogerpon-cornerstonetera,1017
SPECIES_URSALUNA_BLOODMOON,1503,ursaluna-bloodmoon,901
SPECIES_ARCHALUDON,1089,archaludon,1018
SPECIES_HYDRAPPLE,1090,hydrapple,1019
SPECIES_GOUGING_FIRE,1091,gougingfire,1020
SPECIES_RAGING_BOLT,1092,ragingbolt,1021
SPECIES_IRON_BOULDER,1093,ironboulder,1022
SPECIES_IRON_CROWN,1094,ironcrown,1023
SPECIES_TERAPAGOS_NORMAL,1095,terapagos,1024
SPECIES_TERAPAGOS_TERASTAL,1504,terapagos-terastal,1024
SPECIES_TERAPAGOS_STELLAR,1505,terapagos-stellar,1024
SPECIES_PECHARUNT,1096,pecharunt,1025
SPECIES_SCATTERBUG_POLAR,1508,scatterbug,664
SPECIES_SCATTERBUG_TUNDRA,1509,scatterbug,664
SPECIES_SCATTERBUG_CONTINENTAL,1510,scatterbug,664
SPECIES_SCATTERBUG_GARDEN,1511,scatterbug,664
SPECIES_SCATTERBUG_ELEGANT,1512,scatterbug,664
SPECIES_SCATTERBUG_MEADOW,1513,scatterbug,664
SPECIES_SCATTERBUG_MODERN,1514,scatterbug,664
SPECIES_SCATTERBUG_MARINE,1515,scatterbug,664
SPECIES_SCATTERBUG_ARCHIPELAGO,1516,scatterbug,664
SPECIES_SCATTERBUG_HIGH_PLAINS,1517,scatterbug,664
SPECIES_SCATTERBUG_SANDSTORM,1518,scatterbug,664
SPECIES_SCATTERBUG_RIVER,1519,scatterbug,664
SPECIES_SCATTERBUG_MONSOON,1520,scatterbug,664
SPECIES_SCATTERBUG_SAVANNA,1521,scatterbug,664
SPECIES_SCATTERBUG_SUN,1522,scatterbug,664
SPECIES_SCATTERBUG_OCEAN,1523,scatterbug,664
SPECIES_SCATTERBUG_JUNGLE,1524,scatterbug,664
SPECIES_SCATTERBUG_FANCY,1525,scatterbug,664
SPECIES_SCATTERBUG_POKEBALL,1526,scatterbug,664
SPECIES_SPEWPA_POLAR,1527,spewpa,665
SPECIES_SPEWPA_TUNDRA,1528,spewpa,665
SPECIES_SPEWPA_CONTINENTAL,1529,spewpa,665
SPECIES_SPEWPA_GARDEN,1530,spewpa,665
SPECIES_SPEWPA_ELEGANT,1531,spewpa,665
SPECIES_SPEWPA_MEADOW,1532,spewpa,665
SPECIES_SPEWPA_MODERN,1533,spewpa,665
SPECIES_SPEWPA_MARINE,1534,spewpa,665
SPECIES_SPEWPA_ARCHIPELAGO,1535,spewpa,665
SPECIES_SPEWPA_HIGH_PLAINS,1536,spewpa,665
SPECIES_SPEWPA_SANDSTORM,1537,spewpa,665
SPECIES_SPEWPA_RIVER,1538,spewpa,665
SPECIES_SPEWPA_MONSOON,1539,spewpa,665
SPECIES_SPEWPA_SAVANNA,1540,spewpa,665
SPECIES_SPEWPA_SUN,1541,spewpa,665
SPECIES_SPEWPA_OCEAN,1542,spewpa,665
SPECIES_SPEWPA_JUNGLE,1543,spewpa,665
SPECIES_SPEWPA_FANCY,1544,spewpa,665
SPECIES_SPEWPA_POKEBALL,1545,spewpa,665
SPECIES_RATICATE_ALOLA_TOTEM,1546,raticate-alolatotem,20
SPECIES_GUMSHOOS_TOTEM,1547,gumshoos-totem,735
SPECIES_VIKAVOLT_TOTEM,1548,vikavolt-totem,738
SPECIES_LURANTIS_TOTEM,1549,lurantis-totem,754
SPECIES_SALAZZLE_TOTEM,1550,salazzle-totem,758
SPECIES_MIMIKYU_TOTEM_DISGUISED,1551,mimikyu-totem,778
SPECIES_KOMMO_O_TOTEM,1552,kommoo-totem,784
SPECIES_MAROWAK_ALOLA_TOTEM,1553,marowak-alolatotem,105
SPECIES_RIBOMBEE_TOTEM,1554,ribombee-totem,743
SPECIES_ARAQUANID_TOTEM,1555,araquanid-totem,752
SPECIES_TOGEDEMARU_TOTEM,1556,togedemaru-totem,777
SPECIES_VENUSAUR_GMAX,1559,venusaur-gmax,3
SPECIES_BLASTOISE_GMAX,1560,blastoise-gmax,9
SPECIES_CHARIZARD_GMAX,1561,charizard-gmax,6
SPECIES_BUTTERFREE_GMAX,1562,butterfree-gmax,12
SPECIES_PIKACHU_GMAX,1563,pikachu-gmax,25
SPECIES_MEOWTH_GMAX,1564,meowth-gmax,52
SPECIES_MACHAMP_GMAX,1565,machamp-gmax,68
SPECIES_GENGAR_GMAX,1566,gengar-gmax,94
SPECIES_KINGLER_GMAX,1567,kingler-gmax,99
SPECIES_LAPRAS_GMAX,1568,lapras-gmax,131
SPECIES_EEVEE_GMAX,1569,eevee-gmax,133
SPECIES_SNORLAX_GMAX,1570,snorlax-gmax,143
SPECIES_GARBODOR_GMAX,1571,garbodor-gmax,569
SPECIES_MELMETAL_GMAX,1572,melmetal-gmax,809
SPECIES_RILLABOOM_GMAX,1573,rillaboom-gmax,812
SPECIES_CINDERACE_GMAX,1574,cinderace-gmax,815
SPECIES_INTELEON_GMAX,1575,inteleon-gmax,818
SPECIES_CORVIKNIGHT_GMAX,1576,corviknight-gmax,823
SPECIES_ORBEETLE_GMAX,1577,orbeetle-gmax,826
SPECIES_DREDNAW_GMAX,1578,drednaw-gmax,834
SPECIES_COALOSSAL_GMAX,1579,coalossal-gmax,839
SPECIES_FLAPPLE_GMAX,1580,flapple-gmax,841
SPECIES_APPLETUN_GMAX,1581,appletun-gmax,842
SPECIES_SANDACONDA_GMAX,1582,sandaconda-gmax,844
SPECIES_TOXTRICITY_AMPED_GMAX,1583,toxtricity-gmax,849
SPECIES_TOXTRICITY_LOW_KEY_GMAX,1584,toxtricity-lowkeygmax,849
SPECIES_CENTISKORCH_GMAX,1585,centiskorch-gmax,851
SPECIES_HATTERENE_GMAX,1586,hatterene-gmax,858
SPECIES_GRIMMSNARL_GMAX,1587,grimmsnarl-gmax,861
SPECIES_ALCREMIE_GMAX,1588,alcremie-gmax,869
SPECIES_COPPERAJAH_GMAX,1589,copperajah-gmax,879
SPECIES_DURALUDON_GMAX,1590,duraludon-gmax,884
SPECIES_URSHIFU_SINGLE_STRIKE_GMAX,1591,urshifu-gmax,892
SPECIES_URSHIFU_RAPID_STRIKE_GMAX,1592,urshifu-rapidstrikegmax,892
SPECIES_MIMIKYU_BUSTED_TOTEM,1593,mimikyu-bustedtotem,778
SPECIES_CLEFABLE_MEGA,1594,clefable-mega,36
SPECIES_VICTREEBEL_MEGA,1595,victreebel-mega,71
SPECIES_STARMIE_MEGA,1596,starmie-mega,121
SPECIES_DRAGONITE_MEGA,1597,dragonite-mega,149
SPECIES_MEGANIUM_MEGA,1598,meganium-mega,154
SPECIES_FERALIGATR_MEGA,1599,feraligatr-mega,160
SPECIES_SKARMORY_MEGA,1600,skarmory-mega,227
SPECIES_FROSLASS_MEGA,1601,froslass-mega,478
SPECIES_EMBOAR_MEGA,1602,emboar-mega,500
SPECIES_EXCADRILL_MEGA,1603,excadrill-mega,530
SPECIES_SCOLIPEDE_MEGA,1604,scolipede-mega,545
SPECIES_SCRAFTY_MEGA,1605,scrafty-mega,560
SPECIES_EELEKTROSS_MEGA,1606,eelektross-mega,604
SPECIES_CHANDELURE_MEGA,1607,chandelure-mega,609
SPECIES_CHESNAUGHT_MEGA,1608,chesnaught-mega,652
SPECIES_DELPHOX_MEGA,1609,delphox-mega,655
SPECIES_GRENINJA_MEGA,1610,greninja-mega,658
SPECIES_PYROAR_MEGA,1611,pyroar-mega,668
SPECIES_MALAMAR_MEGA,1612,malamar-mega,687
SPECIES_DRAGALGE_MEGA,1613,dragalge-mega,691
SPECIES_HAWLUCHA_MEGA,1614,hawlucha-mega,701
SPECIES_FLOETTE_MEGA,1615,floette-mega,670
SPECIES_BARBARACLE_MEGA,1616,barbaracle-mega,689
SPECIES_ZYGARDE_MEGA,1617,zygarde-mega,718
SPECIES_DRAMPA_MEGA,1618,drampa-mega,780
SPECIES_FALINKS_MEGA,1619,falinks-mega,870
SPECIES_HEATRAN_MEGA,1620,heatran-mega,485
SPECIES_DARKRAI_MEGA,1621,darkrai-mega,491
SPECIES_ZERAORA_MEGA,1622,zeraora-mega,807
SPECIES_RAICHU_MEGA_X,1623,raichu-megax,26
SPECIES_RAICHU_MEGA_Y,1624,raichu-megay,26
SPECIES_CHIMECHO_MEGA,1625,chimecho-mega,358
SPECIES_ABSOL_MEGA_Z,1626,absol-megaz,359
SPECIES_GARCHOMP_MEGA_Z,1628,garchomp-megaz,445
SPECIES_LUCARIO_MEGA_Z,1629,lucario-megaz,448
SPECIES_GOLURK_MEGA,1630,golurk-mega,623
SPECIES_MEOWSTIC_M_MEGA,1631,meowstic-mmega,678
SPECIES_MEOWSTIC_F_MEGA,1632,meowstic-fmega,678
SPECIES_CRABOMINABLE_MEGA,1633,crabominable-mega,740
SPECIES_GOLISOPOD_MEGA,1634,golisopod-mega,768
SPECIES_MAGEARNA_MEGA,1635,magearna-mega,801
SPECIES_MAGEARNA_ORIGINAL_MEGA,1636,magearna-originalmega,801
SPECIES_SCOVILLAIN_MEGA,1637,scovillain-mega,952
SPECIES_BAXCALIBUR_MEGA,1638,baxcalibur-mega,998
SPECIES_TATSUGIRI_CURLY_MEGA,1639,tatsugiri-curlymega,978
SPECIES_TATSUGIRI_DROOPY_MEGA,1640,tatsugiri-droopymega,978
SPECIES_TATSUGIRI_STRETCHY_MEGA,1641,tatsugiri-stretchymega,978
SPECIES_GLIMMORA_MEGA,1642,glimmora-mega,970
